Series,Sheet Rows,Sheet Records Now,Audit A Proposed,Audit B Proposed,VERIFIED Overall (W x H x D),VERIFIED In-Sleeve Section (W x H),Source Drawing,Confidence,Notes
RSAN,"154-162, 173","42 x 16 x 15 (sleeve)",39.75 x 13.75 x 21.125,not specified,39.75 x 15.875 x 17.375,n/a (single width dimensioned; rear height 14.25),ice-air-ptac-rsan-dimensional-drawing.pdf,VERIFIED,"Audit A read APB-9377 (an INSTALLATION assembly drawing). 13.75 and 21.125 are leader dims on that assembly, not chassis H/D. Recorded 42 x 16 is the generic PTAC sleeve nominal; recorded 15 D matches nothing."
RSK,179-186,"36 x 15 x 19.25 (chassis)","correct as-is / ""pattern to copy""",38 x 16.75 x 19.25,38 x 16.75 x 19.25,36 x 15,ice-air-ptac-rsk-dimensional-drawing.pdf,VERIFIED,"AUDIT B CORRECT, AUDIT A WRONG. Cell mixes bases exactly as B described: 36 and 15 are the in-sleeve section, 19.25 is the overall depth. Audit A marked all 8 rows OK."
RSCC,"193-201, 202 (RSCT)","40.75 x 15.75 x 18.688 (sleeve)",42 x 15 x 19.25,not specified,42 x 16.75 x 19.25,40 x 15,ice-air-ptac-rscc-dimensional-drawing.pdf,VERIFIED,"Audit A got W and D right but took H=15 from the in-sleeve section, not the overall - the same mixed-basis error it was diagnosing."
RSEA,163-167,"44.75 x 16.5 x 20.75 (sleeve)",43.5 x 14.5 x 18,not specified,43.5 x 14.875 x 18.5,42.5 x 14.25,ice-air-ptac-rsea-dimensional-drawing.pdf,VERIFIED,"Audit A got width right; H and D both off by fractions. No 14.5 or 18.0 appears on the drawing."
RSF,174-178,27.125 x 16.875 x 18.125,26.5 x 16 x 17.5,not specified,26.375 x 15.813 x 20.75,n/a (4.000 front flange offset),ice-air-ptac-rsf-dimensional-drawing.pdf,VERIFIED,"Audit A depth is wrong by 3.25 inches. Recorded depth 18.125 is also wrong; true depth is 20.75."
RS16,204-210,"37.5 W (41.5 w/ hydronic) x 16 x 20.375 (sleeve)",not specified,not specified,34.5 x 14.25 x 18.5,n/a (secondary dims 12.125 and 10.375),ice-air-ptac-rs16-dimensional-drawing.pdf,VERIFIED,"Recorded values are the Islandaire EZ16 sleeve-cabinet figures, not the Ice Air RS16 unit. Confirm which item is actually stocked before overwriting."
RSZ,187-192,"36 x 16 x 11.375 (sleeve)","""no dimensions published - ask Ice Air""",not specified,36 x 14.75 x 19,n/a (9.0 partial depth),ice-air-ptac-rsz-dimensional-drawing.pdf,VERIFIED,"Audit A said no dimensions are published for RSZ. They are. Recorded depth 11.375 vs actual 19."
RSMK,168-172,"36 x 13.9375 x 19.25 (sleeve)","""no dimensions published - ask Ice Air""",not specified,34.625 x 19.230 x 15.625,n/a (secondary height 12.608),ice-air-ptac-rsmk-dimensional-drawing.pdf (SAB-8164),VERIFIED,"Audit A said no dimensions published. Drawing is titled RSMK DIMENSIONAL DWG. Recorded depth 19.25 is almost exactly the true HEIGHT 19.230 - this looks like an H/D axis transposition."
RSCM,"195, 203","32 x 18.25 x 16.75 (sleeve)","""no dimensions published - ask Ice Air""",not specified,NOT AVAILABLE,NOT AVAILABLE,dimensional-drawing 404s; submittal has no dim table,UNRESOLVED,"The one series where Audit A's ""ask Ice Air"" is correct. -dimensional-drawing.pdf returns 404. Request from Ice Air."
