Model,Dimensions,Cut Sheet,Status,Notes
EZ2612A9,"26"" W x 16"" H x 16.875"" D",https://islandaire.com/wp-content/uploads/2025/07/ez26-series-cutsheet.pdf,VERIFIED,EZ26 sleeve envelope; same as sheet rows 104/105/131
EZ12A2RMGBS15AA,"36"" W x 16"" H x 11.375"" D",https://islandaire.com/wp-content/uploads/2025/08/EZRM-Series-Cutsheet.pdf,VERIFIED,EZ RM sleeve envelope; same as rows 93-99
EZRK12K5GAN16AL,"37 3/4"" W x 15 5/8"" H x 25 3/8"" D",https://islandaire.com/wp-content/uploads/2025/08/EZRK-SERIES-CUT-SHEET.pdf,DISPUTED - manual check,carried from existing RK rows; RK drawing reads ~15-16 1/8 H x 18 1/4 D - same dispute as rows 84-91
EZRK16K9GAN16AL,"37 3/4"" W x 15 5/8"" H x 25 3/8"" D",https://islandaire.com/wp-content/uploads/2025/08/EZRK-SERIES-CUT-SHEET.pdf,DISPUTED - manual check,same as above
EZRM16L2IBS15AA,"36"" W x 16"" H x 11.375"" D",https://islandaire.com/wp-content/uploads/2025/08/EZRM-Series-Cutsheet.pdf,VERIFIED,EZ RM sleeve envelope
EZ09K116,"34 1/4"" W x 14 1/16"" H x 21 9/16"" D",https://islandaire.com/wp-content/uploads/2025/09/EZ-Series-16-Cutsheet.pdf,VERIFIED,EZ16 chassis; same as rows 106-118
WCVT12B10B,"27"" W x 16 3/4"" H x 16 3/4"" D",https://www.friedrich.com/hubfs/2023%20Literature%20PDFs/Submittals/Thru-the-wall_Wallmaster_Submittal_2023.pdf,VERIFIED,Wallmaster WSE sleeve envelope 27 x 16 3/4 x 16 3/4; all Wallmaster chassis require WSE
WCVT16B30,"27"" W x 16 3/4"" H x 16 3/4"" D",https://www.friedrich.com/hubfs/2023%20Literature%20PDFs/Submittals/Thru-the-wall_Wallmaster_Submittal_2023.pdf,VERIFIED,model listed as WCT16B30A in submittal; same WSE platform
WCVT16B30A,"27"" W x 16 3/4"" H x 16 3/4"" D",https://www.friedrich.com/hubfs/2023%20Literature%20PDFs/Submittals/Thru-the-wall_Wallmaster_Submittal_2023.pdf,VERIFIED,same WSE platform
PDE09K3SGR3,"42"" W x 16"" H x 21.5"" D",https://www.friedrich.com/hubfs/2025%20Literature%20PDFs/2025%20Submittals/PTAC%20ZONEAIRE%20PREMIER%20Series%20Submittal_2025.pdf,VERIFIED,"ZoneAire Premier submittal: sleeve 16x42x13 3/4, with front 16x42x21 1/2 - all models"
PDE12K3SGR3,"42"" W x 16"" H x 21.5"" D",https://www.friedrich.com/hubfs/2025%20Literature%20PDFs/2025%20Submittals/PTAC%20ZONEAIRE%20PREMIER%20Series%20Submittal_2025.pdf,VERIFIED,"same table, all models"
CCW06B10B,"18 1/2"" W x 13 1/2"" H x 19 3/4"" D",https://www.friedrich.com/hubfs/2025%20Literature%20PDFs/2025%20Submittals/Chill%20Premier_Submittal%20_2025.pdf,VERIFIED,doc lists CCW06B10C at 13 1/2 H x 18 1/2 W x 19 3/4 D; B-rev same size class
CCW18B30B,"23 5/8"" W x 17 7/8"" H x 25 3/8"" D",https://www.friedrich.com/hubfs/2025%20Literature%20PDFs/2025%20Submittals/Chill%20Premier_Submittal%20_2025.pdf,VERIFIED,"explicitly listed: CCW15B10B, CCW18B30B, CEW18B33B share 17 7/8 x 23 5/8 x 25 3/8"
CCV12A10A,"20 5/8"" W x 13 3/8"" H x 19 1/4"" D",https://www.friedrich.com/hubfs/2026%20Literature%20PDFs/2026%20Brochures/BR_CHILL%20INVERTER_REV%2002-14-25.pdf,VERIFIED,same row as CCV08/CCV10 - rows 241/242
CCV15A10A,"25 1/2"" W x 17"" H x 26 3/8"" D",https://www.friedrich.com/hubfs/2026%20Literature%20PDFs/2026%20Brochures/BR_CHILL%20INVERTER_REV%2002-14-25.pdf,VERIFIED,CCV15/18/24 row: 17 H x 25 1/2 W x 26 3/8 D
CCV18A30A,"25 1/2"" W x 17"" H x 26 3/8"" D",https://www.friedrich.com/hubfs/2026%20Literature%20PDFs/2026%20Brochures/BR_CHILL%20INVERTER_REV%2002-14-25.pdf,VERIFIED,same row
CCV24A30A,"25 1/2"" W x 17"" H x 26 3/8"" D",https://www.friedrich.com/hubfs/2026%20Literature%20PDFs/2026%20Brochures/BR_CHILL%20INVERTER_REV%2002-14-25.pdf,VERIFIED,same row
KCL24A30,"28"" W x 20 3/16"" H x 35 1/2"" D",https://www.friedrich.com/hubfs/2025%20Literature%20PDFs/2025%20Submittals/K%C3%9CHL%20SUBMITTAL_2025.pdf,VERIFIED (chassis-mapped),L chassis -> L sleeve 28 x 20 3/16 x 35 1/2; legacy A-rev (doc lists KCL28B30A/KCL36B30A as L)
KCL36A30A,"28"" W x 20 3/16"" H x 35 1/2"" D",https://www.friedrich.com/hubfs/2025%20Literature%20PDFs/2025%20Submittals/K%C3%9CHL%20SUBMITTAL_2025.pdf,VERIFIED (chassis-mapped),L chassis; current-rev KCL36B30A confirmed L in doc
KCVS12B10,"25 15/16"" W x 15 15/16"" H x 29"" D",https://www.friedrich.com/hubfs/2025%20Literature%20PDFs/2025%20Submittals/K%C3%9CHL%20SUBMITTAL_2025.pdf,VERIFIED,doc: KCVS12B10A -> S sleeve
KCVM14B10,"25 15/16"" W x 17 15/16"" H x 29"" D",https://www.friedrich.com/hubfs/2025%20Literature%20PDFs/2025%20Submittals/K%C3%9CHL%20SUBMITTAL_2025.pdf,VERIFIED,doc: KCVM14B10A -> M sleeve
KCM14A10,"25 15/16"" W x 17 15/16"" H x 29"" D",https://www.friedrich.com/hubfs/2025%20Literature%20PDFs/2025%20Submittals/K%C3%9CHL%20SUBMITTAL_2025.pdf,VERIFIED (chassis-mapped),M chassis legacy A-rev
KCS12A30,"25 15/16"" W x 15 15/16"" H x 29"" D",https://www.friedrich.com/hubfs/2025%20Literature%20PDFs/2025%20Submittals/K%C3%9CHL%20SUBMITTAL_2025.pdf,VERIFIED (chassis-mapped),S chassis legacy A-rev
KCS16A30,"25 15/16"" W x 15 15/16"" H x 29"" D",https://www.friedrich.com/hubfs/2025%20Literature%20PDFs/2025%20Submittals/K%C3%9CHL%20SUBMITTAL_2025.pdf,VERIFIED (chassis-mapped),S chassis; KCVS16B30A confirmed S in doc
UCT12A10,"24 1/4"" W x 14 1/2"" H x 20 5/16"" D",https://www.friedrich.com/hubfs/2024%20Literature%20PDFs/Submittal/SUBM_UNIFIT%20REV%202.16.2024.pdf,VERIFIED (chassis-mapped),"UCT/UET chassis row; legacy A-rev, same USC platform as rows 243-248"
WCT08A10A,"27"" W x 16 3/4"" H x 16 3/4"" D",https://www.friedrich.com/hubfs/2023%20Literature%20PDFs/Submittals/Thru-the-wall_Wallmaster_Submittal_2023.pdf,VERIFIED,listed in Wallmaster submittal; WSE sleeve
WCT10A10B,"27"" W x 16 3/4"" H x 16 3/4"" D",https://www.friedrich.com/hubfs/2023%20Literature%20PDFs/Submittals/Thru-the-wall_Wallmaster_Submittal_2023.pdf,VERIFIED,WCT10A10A listed; B-rev same platform
WCT10A10A,"27"" W x 16 3/4"" H x 16 3/4"" D",https://www.friedrich.com/hubfs/2023%20Literature%20PDFs/Submittals/Thru-the-wall_Wallmaster_Submittal_2023.pdf,VERIFIED,listed
WCT12A10B,"27"" W x 16 3/4"" H x 16 3/4"" D",https://www.friedrich.com/hubfs/2023%20Literature%20PDFs/Submittals/Thru-the-wall_Wallmaster_Submittal_2023.pdf,VERIFIED,listed (WCT12A10B in plug table)
WCT10A30A,"27"" W x 16 3/4"" H x 16 3/4"" D",https://www.friedrich.com/hubfs/2023%20Literature%20PDFs/Submittals/Thru-the-wall_Wallmaster_Submittal_2023.pdf,VERIFIED,listed
WCT12A30A,"27"" W x 16 3/4"" H x 16 3/4"" D",https://www.friedrich.com/hubfs/2023%20Literature%20PDFs/Submittals/Thru-the-wall_Wallmaster_Submittal_2023.pdf,VERIFIED,listed
WCT16A30A,"27"" W x 16 3/4"" H x 16 3/4"" D",https://www.friedrich.com/hubfs/2023%20Literature%20PDFs/Submittals/Thru-the-wall_Wallmaster_Submittal_2023.pdf,VERIFIED,listed
WET16A33,"27"" W x 16 3/4"" H x 16 3/4"" D",https://www.friedrich.com/hubfs/2023%20Literature%20PDFs/Submittals/Thru-the-wall_Wallmaster_Submittal_2023.pdf,VERIFIED,listed as WET16A33A
CCF05B10A,"18 5/8"" W x 13 3/8"" H x 15 5/8"" D",https://www.friedrich.com/hubfs/2025%20Literature%20PDFs/2025%20Submittals/Chill%20Premier_Submittal%20_2025.pdf,VERIFIED,doc lists CCF05B10C: 13 3/8 H x 18 5/8 W x 15 5/8 D - WINDOW INSTALLATION ONLY
KCS08A10A,"25 15/16"" W x 15 15/16"" H x 29"" D",https://www.friedrich.com/hubfs/2025%20Literature%20PDFs/2025%20Submittals/K%C3%9CHL%20SUBMITTAL_2025.pdf,VERIFIED (chassis-mapped),S chassis; KCVS08B10A confirmed S in doc
KCS16A30A,"25 15/16"" W x 15 15/16"" H x 29"" D",https://www.friedrich.com/hubfs/2025%20Literature%20PDFs/2025%20Submittals/K%C3%9CHL%20SUBMITTAL_2025.pdf,VERIFIED (chassis-mapped),S chassis
SC06A10,MODEL NOT FOUND - confirm model number,,NOT FOUND,no such AC model anywhere (only an NTN bearing matches); closest Friedrich: CP06A10 / KCQ06A10A / CCF06B10C
KHVM24B34A,"25 15/16"" W x 17 15/16"" H x 29"" D",https://www.friedrich.com/hubfs/2025%20Literature%20PDFs/2025%20Submittals/K%C3%9CHL%20SUBMITTAL_2025.pdf,VERIFIED,doc explicitly maps KHVM24B34A -> M sleeve
WCT12A10,"27"" W x 16 3/4"" H x 16 3/4"" D",https://www.friedrich.com/hubfs/2023%20Literature%20PDFs/Submittals/Thru-the-wall_Wallmaster_Submittal_2023.pdf,VERIFIED,WCT12A10A listed
WCT12A30B,"27"" W x 16 3/4"" H x 16 3/4"" D",https://www.friedrich.com/hubfs/2023%20Literature%20PDFs/Submittals/Thru-the-wall_Wallmaster_Submittal_2023.pdf,VERIFIED,WCT12A30B listed in plug table
WCT16B30A,"27"" W x 16 3/4"" H x 16 3/4"" D",https://www.friedrich.com/hubfs/2023%20Literature%20PDFs/Submittals/Thru-the-wall_Wallmaster_Submittal_2023.pdf,VERIFIED,explicitly listed (R-32 model)
