Row,Brand,Model,Cut Sheet,Dimensions,Basis,Dim status,Changed,Notes,Basis
1,Trane,T5TEM4B02AC21SA,https://elibrary.tranetechnologies.com/public/residential-hvac/Literature/Product%20and%20Submittal%20Data/AHR-PSD006C-EN_03212026.pdf,"18.50"" W x 45.02"" H x 21.08"" D",as published (single sensible measurement),VERIFIED (sweep: all figures in cited doc),no,,as published (single sensible measurement)
2,Trane,T5TEM4B03AC31SA,https://elibrary.tranetechnologies.com/public/residential-hvac/Literature/Product%20and%20Submittal%20Data/AHR-PSD006C-EN_03212026.pdf,"18.50"" W x 46.77"" H x 21.08"" D",as published (single sensible measurement),VERIFIED (sweep: all figures in cited doc),no,,as published (single sensible measurement)
3,Trane,RA4AC3048D1000A,https://www.trane.com/residential/en/products/air-conditioners/,"34.3"" W x 28.6"" H x 34.3"" D",was flagged verify,VERIFIED (web-corroborated),YES,r3: 871x726x871mm RunTru A4AC3 conversion; r4: Trane XL15i 51H/37W/34D - verified in prior session; citation still a landing page,was flagged verify
4,Trane,T4TTX5048N1000A,https://www.trane.com/residential/en/products/air-conditioners/,"37"" W x 51"" H x 34"" D",was flagged verify,VERIFIED (web-corroborated),YES,r3: 871x726x871mm RunTru A4AC3 conversion; r4: Trane XL15i 51H/37W/34D - verified in prior session; citation still a landing page,was flagged verify
5,Trane,T5TXCB003AS3HCA,https://elibrary.tranetechnologies.com/public/residential-hvac/Literature/Product%20Data/COR-PSD003A-EN_07032025.pdf,"17.5"" W x 17.5"" H x 21.5"" D",as published (single sensible measurement),VERIFIED (sweep: all figures in cited doc),no,,as published (single sensible measurement)
6,Trane,T5TXCB004AS3HCA,https://elibrary.tranetechnologies.com/public/residential-hvac/Literature/Product%20Data/COR-PSD003A-EN_07032025.pdf,"17.5"" W x 22.5"" H x 21.5"" D",as published (single sensible measurement),VERIFIED (sweep: all figures in cited doc),no,,as published (single sensible measurement)
7,Trane,T5TXCC007AS3HCA,https://elibrary.tranetechnologies.com/public/residential-hvac/Literature/Product%20Data/COR-PSD003A-EN_07032025.pdf,"21"" W x 26.75"" H x 21.5"" D",as published (single sensible measurement),VERIFIED (sweep: all figures in cited doc),no,,as published (single sensible measurement)
8,Trane,T5TXCB006AS3HCA,https://elibrary.tranetechnologies.com/public/residential-hvac/Literature/Product%20Data/COR-PSD003A-EN_07032025.pdf,"17.5"" W x 26.75"" H x 21.5"" D",as published (single sensible measurement),VERIFIED (sweep: all figures in cited doc),no,,as published (single sensible measurement)
9,Trane,T5TXCC005AS3HCA,https://elibrary.tranetechnologies.com/public/residential-hvac/Literature/Product%20Data/COR-PSD003A-EN_07032025.pdf,"21"" W x 22.5"" H x 21.5"" D",as published (single sensible measurement),VERIFIED (sweep: all figures in cited doc),no,,as published (single sensible measurement)
10,Trane,T5TXCD010AS3HCA,https://elibrary.tranetechnologies.com/public/residential-hvac/Literature/Product%20Data/COR-PSD003A-EN_07032025.pdf,"24.5"" W x 30.75"" H x 21.5"" D",as published (single sensible measurement),VERIFIED (sweep: all figures in cited doc),no,,as published (single sensible measurement)
11,Trane,FC-1 - FCBB0301BAYB0G20AB3A000001000PA,https://elibrary.tranetechnologies.com/public/commercial-hvac/Literature/Installation%20Operation%20and%20Maintenance/UNT-SVX07Q-EN_06302025.pdf,"33.3125"" W x 25.1875"" H x 9.875"" D",as published (single sensible measurement),VERIFIED (sweep: all figures in cited doc),no,,as published (single sensible measurement)
12,Trane,FC-2 - FCBB0301BAYB0G20AB3A000001000PA,https://elibrary.tranetechnologies.com/public/commercial-hvac/Literature/Installation%20Operation%20and%20Maintenance/UNT-SVX07Q-EN_06302025.pdf,"33.3125"" W x 25.1875"" H x 9.875"" D",as published (single sensible measurement),VERIFIED (sweep: all figures in cited doc),no,,as published (single sensible measurement)
13,Trane,FC-3-1 - FCBB0301AAYB0G20AB3A000001000PA,https://elibrary.tranetechnologies.com/public/commercial-hvac/Literature/Installation%20Operation%20and%20Maintenance/UNT-SVX07Q-EN_06302025.pdf,"33.3125"" W x 25.1875"" H x 9.875"" D",as published (single sensible measurement),VERIFIED (sweep: all figures in cited doc),no,,as published (single sensible measurement)
14,Trane,FC-3-2 - FCBB0301AAYB0G20AB3A000001000PA,https://elibrary.tranetechnologies.com/public/commercial-hvac/Literature/Installation%20Operation%20and%20Maintenance/UNT-SVX07Q-EN_06302025.pdf,"33.3125"" W x 25.1875"" H x 9.875"" D",as published (single sensible measurement),VERIFIED (sweep: all figures in cited doc),no,,as published (single sensible measurement)
15,Trane,FC-3-3 - FCBB0301AAYB0G20AB3A000001000PA,https://elibrary.tranetechnologies.com/public/commercial-hvac/Literature/Installation%20Operation%20and%20Maintenance/UNT-SVX07Q-EN_06302025.pdf,"33.3125"" W x 25.1875"" H x 9.875"" D",as published (single sensible measurement),VERIFIED (sweep: all figures in cited doc),no,,as published (single sensible measurement)
16,Trane,FC-4 - FCBB0401BAYB0G20AC3A000001000PA,https://elibrary.tranetechnologies.com/public/commercial-hvac/Literature/Installation%20Operation%20and%20Maintenance/UNT-SVX07Q-EN_06302025.pdf,"38.3125"" W x 25.1875"" H x 9.875"" D",as published (single sensible measurement),VERIFIED (sweep: all figures in cited doc),no,,as published (single sensible measurement)
17,Trane,FC-4-1 - FCBB0401BAYB0G20AC3A000001000PA,https://elibrary.tranetechnologies.com/public/commercial-hvac/Literature/Installation%20Operation%20and%20Maintenance/UNT-SVX07Q-EN_06302025.pdf,"38.3125"" W x 25.1875"" H x 9.875"" D",as published (single sensible measurement),VERIFIED (sweep: all figures in cited doc),no,,as published (single sensible measurement)
18,Trane,FC-5 - FCBB0401AAYB0G20AC3A000001000PA,https://elibrary.tranetechnologies.com/public/commercial-hvac/Literature/Installation%20Operation%20and%20Maintenance/UNT-SVX07Q-EN_06302025.pdf,"38.3125"" W x 25.1875"" H x 9.875"" D",as published (single sensible measurement),VERIFIED (sweep: all figures in cited doc),no,,as published (single sensible measurement)
19,Trane,PTEF0701GAA,https://www.trane.com/content/dam/Trane/Commercial/global/products-systems/equipment/ductless/PTAC/PTAC-PRD002A-EN_01262016_PD.pdf,"42"" W x 16"" H x 21.5"" D",unit overall,VERIFIED (sweep-corrected),YES,PTAC-PRD002A states 42/16/21.5; 13.75 appears nowhere in it (13.75 is the generic PTAC sleeve depth),unit overall
20,Trane,PTHF1201HAA,https://www.trane.com/content/dam/Trane/Commercial/global/products-systems/equipment/ductless/PTAC/PTAC-PRD002A-EN_01262016_PD.pdf,"42"" W x 16"" H x 21.5"" D",unit overall,VERIFIED (sweep-corrected),YES,PTAC-PRD002A states 42/16/21.5; 13.75 appears nowhere in it (13.75 is the generic PTAC sleeve depth),unit overall
21,Trane,PTEF1501HAA,https://www.trane.com/content/dam/Trane/Commercial/global/products-systems/equipment/ductless/PTAC/PTAC-PRD002A-EN_01262016_PD.pdf,"42"" W x 16"" H x 21.5"" D",unit overall,VERIFIED (sweep-corrected),YES,PTAC-PRD002A states 42/16/21.5; 13.75 appears nowhere in it (13.75 is the generic PTAC sleeve depth),unit overall
22,Trane,PTHF1501HAA,https://www.trane.com/content/dam/Trane/Commercial/global/products-systems/equipment/ductless/PTAC/PTAC-PRD002A-EN_01262016_PD.pdf,"42"" W x 16"" H x 21.5"" D",unit overall,VERIFIED (sweep-corrected),YES,PTAC-PRD002A states 42/16/21.5; 13.75 appears nowhere in it (13.75 is the generic PTAC sleeve depth),unit overall
23,Islandaire,HS00A241GAS44AA,https://islandaire.com/wp-content/uploads/2025/08/EZ-SERIES-41-CUT-SHEET.pdf,"34.75"" W x 17.25"" H x 21"" D",as published (single sensible measurement),VERIFIED (sweep: all figures in cited doc),no,,as published (single sensible measurement)
24,Islandaire,HSKF12A5Z3A16AA,https://islandaire.com/wp-content/uploads/2025/08/EZKF-Series-Cut-Sheet.pdf,"36.125"" W x 24.590"" H x 10.5-16.0"" D",as published (single sensible measurement),VERIFIED (sweep: all figures in cited doc),no,,as published (single sensible measurement)
25,Islandaire,HSKF12A2I3A16AA,https://islandaire.com/wp-content/uploads/2025/08/EZKF-Series-Cut-Sheet.pdf,"36.125"" W x 24.590"" H x 10.5-16.0"" D",as published (single sensible measurement),VERIFIED (sweep: all figures in cited doc),no,,as published (single sensible measurement)
26,Islandaire,HSKF16A2I3A16AA,https://islandaire.com/wp-content/uploads/2025/08/EZKF-Series-Cut-Sheet.pdf,"36.125"" W x 24.590"" H x 10.5-16.0"" D",as published (single sensible measurement),VERIFIED (sweep: all figures in cited doc),no,,as published (single sensible measurement)
27,Islandaire,"COIL,HYD,TOP MOUNT, MX STD",https://islandaire.com/wp-content/uploads/2025/07/EZ-Series-MX-cutsheet.pdf,"20.000"" W x 2.000"" H x 3.750"" D",as published (single sensible measurement),VERIFIED (sweep: all figures in cited doc),no,,as published (single sensible measurement)
28,Islandaire,EZNY TOP MNT; OPPOSITE END HEATING COIL,https://islandaire.com/wp-content/uploads/2025/09/EZ-Series-NY-Cutsheet.pdf,"40.192"" W x 0.750"" H x 6.875"" D",as published (single sensible measurement),VERIFIED (sweep: all figures in cited doc),no,,as published (single sensible measurement)
29,Islandaire,"6030261 - COIL ASSY TOP MOUNT, SAME END, EZNY",https://islandaire.com/wp-content/uploads/2025/09/EZ-Series-NY-Cutsheet.pdf,"41.000"" W x 3.500"" H x 7.000"" D",as published (single sensible measurement),VERIFIED (sweep: all figures in cited doc),no,,as published (single sensible measurement)
30,Islandaire,"COIL ASSY, TOP MOUNT, RM, VER2",https://islandaire.com/wp-content/uploads/2025/08/EZRM-Series-Cutsheet.pdf,"38.500"" W x 3.840"" H x 9.000"" D",as published (single sensible measurement),VERIFIED (sweep: all figures in cited doc),no,,as published (single sensible measurement)
31,Islandaire,"6030148 - COIL,HYD,16/SINGER,W\VENT",https://islandaire.com/wp-content/uploads/2025/09/EZ-Series-16-Cutsheet.pdf,"33.442"" W x 0.750"" H x 6.000"" D",as published (single sensible measurement),VERIFIED (sweep: all figures in cited doc),no,,as published (single sensible measurement)
32,Islandaire,"LOUVER, KA/KF, 36""",https://islandaire.com/wp-content/uploads/2025/08/EZKF-Series-Cutsheet.pdf,"36.000"" W x 13.000"" H x 1.117"" D",as published (single sensible measurement),VERIFIED (sweep: all figures in cited doc),no,,as published (single sensible measurement)
33,Islandaire,"LOUVER, EZGS/EZNY/EZ42, EXTERNAL",https://islandaire.com/wp-content/uploads/2025/07/EZGS-Series-Cutsheet.pdf,"42.000"" W x 15.900"" H x 1.125"" D",as published (single sensible measurement),VERIFIED (sweep: all figures in cited doc),no,,as published (single sensible measurement)
34,Islandaire,EZ15A2ADG4V,https://islandaire.com/wp-content/uploads/2025/07/EZ42-EZDR-Engineering-Manual-11_30_23.pdf,"35 7/8"" W x 16 1/4"" H x 19 3/8"" D",as published (single sensible measurement),UNSOURCED - not in cited doc,no,"EZ42 cross-ref pairs 35 7/8 W with 14 1/2 H (SEA/SHA), not 16 1/4; 19 3/8 D not published",as published (single sensible measurement)
35,Islandaire,EZ15L2CSC1N44AA,https://islandaire.com/wp-content/uploads/2025/06/EZ-Series-CS-cutsheet.pdf,"32"" W x 18 5/16"" H x 16.75"" D",sleeve = fit opening,"PARTIAL - W/H sourced, depth unsourced",YES,EZ42-EZDR manual legacy-sleeve cross-ref table: CS 18 5/16 H x 32 W; 16.75 D not published,sleeve = fit opening
36,Islandaire,EZ15KL2CSC1N44AA,https://islandaire.com/wp-content/uploads/2025/09/EZSC-Series-Cutsheet.pdf,"40"" W x 16"" H x 20"" D",sleeve = fit opening,VERIFIED (sweep: all figures in cited doc),YES,,sleeve = fit opening
37,Islandaire,EZ15B4XXX1S14AA,https://islandaire.com/wp-content/uploads/2025/09/EZ-Series-16-Cutsheet.pdf,"37.5"" W (41.5 w/ hydronic) x 16"" H x 20.375"" D",sleeve = fit opening,VERIFIED (sweep: all figures in cited doc),YES,,sleeve = fit opening
38,Islandaire,EZ12K5EDGB,https://islandaire.com/wp-content/uploads/2025/09/EZ-Series-ED-Cutsheet.pdf,"42 5/8"" W x 14 13/16"" H x 20 3/4"" D",as published (single sensible measurement),VERIFIED (sweep: all figures in cited doc),no,,as published (single sensible measurement)
39,Islandaire,EZ09C2EBC1N14AA,https://islandaire.com/wp-content/uploads/2025/09/EZ-Series-ED-Cutsheet.pdf,"42 5/8"" W x 14 13/16"" H x 20 3/4"" D",as published (single sensible measurement),VERIFIED (sweep: all figures in cited doc),no,,as published (single sensible measurement)
40,Islandaire,EZ12C2EBC1N14AA,https://islandaire.com/wp-content/uploads/2025/09/EZ-Series-ED-Cutsheet.pdf,"42 5/8"" W x 14 13/16"" H x 20 3/4"" D",as published (single sensible measurement),VERIFIED (sweep: all figures in cited doc),no,,as published (single sensible measurement)
41,Islandaire,EZ12A2EDGB,https://islandaire.com/wp-content/uploads/2025/09/EZ-Series-ED-Cutsheet.pdf,"42 5/8"" W x 14 13/16"" H x 20 3/4"" D",as published (single sensible measurement),VERIFIED (sweep: all figures in cited doc),no,,as published (single sensible measurement)
42,Islandaire,EZ15K2EDIBS15AA,https://islandaire.com/wp-content/uploads/2025/09/EZ-Series-ED-Cutsheet.pdf,"42 5/8"" W x 14 13/16"" H x 20 3/4"" D",as published (single sensible measurement),VERIFIED (sweep: all figures in cited doc),no,,as published (single sensible measurement)
43,Islandaire,EZED16K2IBS45AA,https://islandaire.com/wp-content/uploads/2025/09/EZ-Series-ED-Cutsheet.pdf,"42 5/8"" W x 14 13/16"" H x 20 3/4"" D",as published (single sensible measurement),VERIFIED (sweep: all figures in cited doc),no,,as published (single sensible measurement)
44,Islandaire,EZ09L216C1S15AB,https://islandaire.com/wp-content/uploads/2025/09/EZ-Series-16-Cutsheet.pdf,"34 1/4"" W x 14 1/16"" H x 21 9/16"" D",as published (single sensible measurement),VERIFIED (sweep: all figures in cited doc),no,,as published (single sensible measurement)
45,Islandaire,EZPD12K9GAS47AA,https://islandaire.com/wp-content/uploads/2025/08/ezpd-series-cut-sheet.pdf,"42.00"" W x 16.00"" H x 15.00"" D",as published (single sensible measurement),VERIFIED (sweep: all figures in cited doc),no,,as published (single sensible measurement)
46,Islandaire,EZ12K9JKGAS15AA,https://islandaire.com/wp-content/uploads/2025/07/EZ-Series-JK-cutsheet.pdf,"42"" W x 16"" H x 13.75"" D",sleeve = fit opening,"PARTIAL - W/H sourced, depth unsourced",YES,EZ42-EZDR manual legacy-sleeve cross-ref table: JK 16 H x 42 W; JK sheet itself says wall sleeves not available for JK; 13.75 D not published,sleeve = fit opening
47,Islandaire,EZPD16K9GBS47AA,https://islandaire.com/wp-content/uploads/2025/08/ezpd-series-cut-sheet.pdf,"42.00"" W x 16.00"" H x 15.00"" D",as published (single sensible measurement),VERIFIED (sweep: all figures in cited doc),no,,as published (single sensible measurement)
48,Islandaire,EZ15K9JKGAS15AA,https://islandaire.com/wp-content/uploads/2025/07/EZ-Series-JK-cutsheet.pdf,"42"" W x 16"" H x 13.75"" D",sleeve = fit opening,"PARTIAL - W/H sourced, depth unsourced",YES,same as row 46,sleeve = fit opening
49,Islandaire,EZ12C1JA,https://islandaire.com/wp-content/uploads/2025/09/EZ-Series-JA-Cutsheet.pdf,"30"" W x 14"" H x 20.31"" D",sleeve = fit opening,"PARTIAL - W/H sourced, depth unsourced",YES,EZ42-EZDR manual legacy-sleeve cross-ref table: J/EJ 14 H x 30 W; 20.31 D not published,sleeve = fit opening
50,Islandaire,EZ15A9JKG4S15AA,https://islandaire.com/wp-content/uploads/2025/07/EZ-Series-JK-cutsheet.pdf,"42"" W x 16"" H x 13.75"" D",sleeve = fit opening,"PARTIAL - W/H sourced, depth unsourced",YES,same as row 46,sleeve = fit opening
51,Islandaire,EZ09K9JAF4S14AA,https://islandaire.com/wp-content/uploads/2025/09/EZ-Series-JA-Cutsheet.pdf,"30"" W x 14"" H x 20.31"" D",sleeve = fit opening,"PARTIAL - W/H sourced, depth unsourced",YES,EZ42-EZDR manual legacy-sleeve cross-ref table: J/EJ 14 H x 30 W; 20.31 D not published,sleeve = fit opening
52,Islandaire,EZKF12L5ZBS46AL,https://islandaire.com/wp-content/uploads/2025/08/EZKF-Series-Cutsheet.pdf,"36.125"" W x 24.590"" H x 10.5-16.0"" D",as published (single sensible measurement),VERIFIED (sweep: all figures in cited doc),no,,as published (single sensible measurement)
53,Islandaire,EZ12B2KFIAK14AA,https://islandaire.com/wp-content/uploads/2025/08/EZKF-Series-Cutsheet.pdf,"36.125"" W x 24.590"" H x 10.5-16.0"" D",as published (single sensible measurement),VERIFIED (sweep: all figures in cited doc),no,,as published (single sensible measurement)
54,Islandaire,EZKF12L2IAS46AL,https://islandaire.com/wp-content/uploads/2025/08/EZKF-Series-Cutsheet.pdf,"36.125"" W x 24.590"" H x 10.5-16.0"" D",as published (single sensible measurement),VERIFIED (sweep: all figures in cited doc),no,,as published (single sensible measurement)
55,Islandaire,EZKF12L2IBS46AL,https://islandaire.com/wp-content/uploads/2025/08/EZKF-Series-Cutsheet.pdf,"36.125"" W x 24.590"" H x 10.5-16.0"" D",as published (single sensible measurement),VERIFIED (sweep: all figures in cited doc),no,,as published (single sensible measurement)
56,Islandaire,EZKF16L21BS46AZ,https://islandaire.com/wp-content/uploads/2025/08/EZKF-Series-Cutsheet.pdf,"36.125"" W x 24.590"" H x 10.5-16.0"" D",as published (single sensible measurement),VERIFIED (sweep: all figures in cited doc),no,,as published (single sensible measurement)
57,Islandaire,EZ15A2KF,https://islandaire.com/wp-content/uploads/2025/08/EZKF-Series-Cutsheet.pdf,"36.125"" W x 24.590"" H x 10.5-16.0"" D",as published (single sensible measurement),VERIFIED (sweep),YES,KF model cited the EZ42 manual; EZKF cutsheet carries the value,as published (single sensible measurement)
58,Islandaire,EZKF16L2IAS46AL,https://islandaire.com/wp-content/uploads/2025/08/EZKF-Series-Cutsheet.pdf,"36.125"" W x 24.590"" H x 10.5-16.0"" D",as published (single sensible measurement),VERIFIED (sweep: all figures in cited doc),no,,as published (single sensible measurement)
59,Islandaire,EZKF16L2IBS46AL,https://islandaire.com/wp-content/uploads/2025/08/EZKF-Series-Cutsheet.pdf,"36.125"" W x 24.590"" H x 10.5-16.0"" D",as published (single sensible measurement),VERIFIED (sweep: all figures in cited doc),no,,as published (single sensible measurement)
60,Islandaire,EZ07A5MXZBS14AA,https://islandaire.com/wp-content/uploads/2025/07/EZ-Series-MX-cutsheet.pdf,"26 5/16"" W x 15 13/16"" H x 20 5/8"" D",as published (single sensible measurement),VERIFIED (sweep: all figures in cited doc),no,,as published (single sensible measurement)
61,Islandaire,EZ07K5MXZBS14AA,https://islandaire.com/wp-content/uploads/2025/07/EZ-Series-MX-cutsheet.pdf,"26 5/16"" W x 15 13/16"" H x 20 5/8"" D",as published (single sensible measurement),VERIFIED (sweep: all figures in cited doc),no,,as published (single sensible measurement)
62,Islandaire,EZ09L5MXY1S14AA,https://islandaire.com/wp-content/uploads/2025/07/EZ-Series-MX-cutsheet.pdf,"26 5/16"" W x 15 13/16"" H x 20 5/8"" D",as published (single sensible measurement),VERIFIED (sweep: all figures in cited doc),no,,as published (single sensible measurement)
63,Islandaire,EZ12K1MXFBS14AA,https://islandaire.com/wp-content/uploads/2025/07/EZ-Series-MX-cutsheet.pdf,"26 5/16"" W x 15 13/16"" H x 20 5/8"" D",as published (single sensible measurement),VERIFIED (sweep),YES,MX model cited the EZ42 manual; MX cutsheet carries the value,as published (single sensible measurement)
64,Islandaire,EZ12K5MXZBS14AA,https://islandaire.com/wp-content/uploads/2025/07/EZ-Series-MX-cutsheet.pdf,"26 5/16"" W x 15 13/16"" H x 20 5/8"" D",as published (single sensible measurement),VERIFIED (sweep: all figures in cited doc),no,,as published (single sensible measurement)
65,Islandaire,EZ12K1MXZBS14AA,https://islandaire.com/wp-content/uploads/2025/07/EZ-Series-MX-cutsheet.pdf,"26 5/16"" W x 15 13/16"" H x 20 5/8"" D",as published (single sensible measurement),VERIFIED (sweep: all figures in cited doc),no,,as published (single sensible measurement)
66,Islandaire,EZ09K2MXIBS14AA,https://islandaire.com/wp-content/uploads/2025/07/EZ-Series-MX-cutsheet.pdf,"26 5/16"" W x 15 13/16"" H x 20 5/8"" D",as published (single sensible measurement),VERIFIED (sweep: all figures in cited doc),no,,as published (single sensible measurement)
67,Islandaire,EZ12K2MXIBS10AA,https://islandaire.com/wp-content/uploads/2025/07/EZ-Series-MX-cutsheet.pdf,"26 5/16"" W x 15 13/16"" H x 20 5/8"" D",as published (single sensible measurement),VERIFIED (sweep: all figures in cited doc),no,,as published (single sensible measurement)
68,Islandaire,EZ12A2MXI2S14AA,https://islandaire.com/wp-content/uploads/2025/07/EZ-Series-MX-cutsheet.pdf,"26 5/16"" W x 15 13/16"" H x 20 5/8"" D",as published (single sensible measurement),VERIFIED (sweep: all figures in cited doc),no,,as published (single sensible measurement)
69,Islandaire,EZ12K2MXIBS14AA,https://islandaire.com/wp-content/uploads/2025/07/EZ-Series-MX-cutsheet.pdf,"26 5/16"" W x 15 13/16"" H x 20 5/8"" D",as published (single sensible measurement),VERIFIED (sweep: all figures in cited doc),no,,as published (single sensible measurement)
70,Islandaire,EZ12L2MXIBS10AA,https://islandaire.com/wp-content/uploads/2025/07/EZ-Series-MX-cutsheet.pdf,"26 5/16"" W x 15 13/16"" H x 20 5/8"" D",as published (single sensible measurement),VERIFIED (sweep: all figures in cited doc),no,,as published (single sensible measurement)
71,Islandaire,EZ15K2MXIBS10AA,https://islandaire.com/wp-content/uploads/2025/07/EZ-Series-MX-cutsheet.pdf,"26 5/16"" W x 15 13/16"" H x 20 5/8"" D",as published (single sensible measurement),VERIFIED (sweep: all figures in cited doc),no,,as published (single sensible measurement)
72,Islandaire,EZ15K2MXIBS14AA,https://islandaire.com/wp-content/uploads/2025/07/EZ-Series-MX-cutsheet.pdf,"26 5/16"" W x 15 13/16"" H x 20 5/8"" D",as published (single sensible measurement),VERIFIED (sweep: all figures in cited doc),no,,as published (single sensible measurement)
73,Islandaire,EZ15L2MXIBS10AA,https://islandaire.com/wp-content/uploads/2025/07/EZ-Series-MX-cutsheet.pdf,"26 5/16"" W x 15 13/16"" H x 20 5/8"" D",as published (single sensible measurement),VERIFIED (sweep: all figures in cited doc),no,,as published (single sensible measurement)
74,Islandaire,EZPD09L5ZBS17AA,https://islandaire.com/wp-content/uploads/2025/08/ezpd-series-cut-sheet.pdf,"42.00"" W x 16.00"" H x 15.00"" D",as published (single sensible measurement),VERIFIED (sweep: all figures in cited doc),no,,as published (single sensible measurement)
75,Islandaire,EZPD12L5YBS17AA,https://islandaire.com/wp-content/uploads/2025/08/ezpd-series-cut-sheet.pdf,"42.00"" W x 16.00"" H x 15.00"" D",as published (single sensible measurement),VERIFIED (sweep: all figures in cited doc),no,,as published (single sensible measurement)
76,Islandaire,EZPD12L1QBS17AA,https://islandaire.com/wp-content/uploads/2025/08/ezpd-series-cut-sheet.pdf,"42.00"" W x 16.00"" H x 15.00"" D",as published (single sensible measurement),VERIFIED (sweep: all figures in cited doc),no,,as published (single sensible measurement)
77,Islandaire,EZPD09L9HBS17AA,https://islandaire.com/wp-content/uploads/2025/08/ezpd-series-cut-sheet.pdf,"42.00"" W x 16.00"" H x 15.00"" D",as published (single sensible measurement),VERIFIED (sweep: all figures in cited doc),no,,as published (single sensible measurement)
78,Islandaire,EZPD12L9GBS17AA,https://islandaire.com/wp-content/uploads/2025/08/ezpd-series-cut-sheet.pdf,"42.00"" W x 16.00"" H x 15.00"" D",as published (single sensible measurement),VERIFIED (sweep: all figures in cited doc),no,,as published (single sensible measurement)
79,Islandaire,EZPD12L2IBS17AA,https://islandaire.com/wp-content/uploads/2025/08/ezpd-series-cut-sheet.pdf,"42.00"" W x 16.00"" H x 15.00"" D",as published (single sensible measurement),VERIFIED (sweep: all figures in cited doc),no,,as published (single sensible measurement)
80,Islandaire,EZPD16K9GBS17AA,https://islandaire.com/wp-content/uploads/2025/08/ezpd-series-cut-sheet.pdf,"42.00"" W x 16.00"" H x 15.00"" D",as published (single sensible measurement),VERIFIED (sweep: all figures in cited doc),no,,as published (single sensible measurement)
81,Islandaire,EZPD16L9HBS10AA,https://islandaire.com/wp-content/uploads/2025/08/ezpd-series-cut-sheet.pdf,"42.00"" W x 16.00"" H x 15.00"" D",as published (single sensible measurement),VERIFIED (sweep: all figures in cited doc),no,,as published (single sensible measurement)
82,Islandaire,EZPD16L2IBS17AA,https://islandaire.com/wp-content/uploads/2025/08/ezpd-series-cut-sheet.pdf,"42.00"" W x 16.00"" H x 15.00"" D",as published (single sensible measurement),VERIFIED (sweep: all figures in cited doc),no,,as published (single sensible measurement)
83,Islandaire,EZPD16K2IBS17AA,https://islandaire.com/wp-content/uploads/2025/07/EZ42-EZDR-Engineering-Manual-11_30_23.pdf,"42.00"" W x 16.00"" H x 15.00"" D",as published (single sensible measurement),VERIFIED (sweep: all figures in cited doc),no,,as published (single sensible measurement)
84,Islandaire,EZRK09K5GAS16AL,https://islandaire.com/wp-content/uploads/2025/08/EZRK-SERIES-CUT-SHEET.pdf,"37 3/4"" W x 15 5/8"" H x 25 3/8"" D",as published (single sensible measurement),DISPUTED - manual check,no,RK drawing: 37 3/4 W confirmed; drawing reads ~15-16 1/8 H and 18 1/4 D; recorded 15 5/8 H / 25 3/8 D in no RK document,as published (single sensible measurement)
85,Islandaire,EZRK12A5GAS16AL,https://islandaire.com/wp-content/uploads/2025/08/EZRK-SERIES-CUT-SHEET.pdf,"37 3/4"" W x 15 5/8"" H x 25 3/8"" D",as published (single sensible measurement),DISPUTED - manual check,no,RK drawing: 37 3/4 W confirmed; drawing reads ~15-16 1/8 H and 18 1/4 D; recorded 15 5/8 H / 25 3/8 D in no RK document,as published (single sensible measurement)
86,Islandaire,EZ12L5RKZBS15AL,https://islandaire.com/wp-content/uploads/2025/08/EZRK-SERIES-CUT-SHEET.pdf,"37 3/4"" W x 15 5/8"" H x 25 3/8"" D",as published (single sensible measurement),DISPUTED - manual check,YES,RK drawing: 37 3/4 W confirmed; drawing reads ~15-16 1/8 H and 18 1/4 D; recorded 15 5/8 H / 25 3/8 D in no RK document,as published (single sensible measurement)
87,Islandaire,EZRK12L5ZBS16AL,https://islandaire.com/wp-content/uploads/2025/08/EZRK-SERIES-CUT-SHEET.pdf,"37 3/4"" W x 15 5/8"" H x 25 3/8"" D",as published (single sensible measurement),DISPUTED - manual check,no,RK drawing: 37 3/4 W confirmed; drawing reads ~15-16 1/8 H and 18 1/4 D; recorded 15 5/8 H / 25 3/8 D in no RK document,as published (single sensible measurement)
88,Islandaire,EZRK12A9GAS16AB,https://islandaire.com/wp-content/uploads/2025/08/EZRK-SERIES-CUT-SHEET.pdf,"37 3/4"" W x 15 5/8"" H x 25 3/8"" D",as published (single sensible measurement),DISPUTED - manual check,YES,RK drawing: 37 3/4 W confirmed; drawing reads ~15-16 1/8 H and 18 1/4 D; recorded 15 5/8 H / 25 3/8 D in no RK document,as published (single sensible measurement)
89,Islandaire,EZRK12L2IBS16AL,https://islandaire.com/wp-content/uploads/2025/08/EZRK-SERIES-CUT-SHEET.pdf,"37 3/4"" W x 15 5/8"" H x 25 3/8"" D",as published (single sensible measurement),DISPUTED - manual check,no,RK drawing: 37 3/4 W confirmed; drawing reads ~15-16 1/8 H and 18 1/4 D; recorded 15 5/8 H / 25 3/8 D in no RK document,as published (single sensible measurement)
90,Islandaire,EZ15A2RK,https://islandaire.com/wp-content/uploads/2025/08/EZRK-SERIES-CUT-SHEET.pdf,"37 3/4"" W x 15 5/8"" H x 25 3/8"" D",as published (single sensible measurement),DISPUTED - manual check,YES,RK drawing: 37 3/4 W confirmed; drawing reads ~15-16 1/8 H and 18 1/4 D; recorded 15 5/8 H / 25 3/8 D in no RK document,as published (single sensible measurement)
91,Islandaire,EZRK16L2IBS16AL,https://islandaire.com/wp-content/uploads/2025/08/EZRK-SERIES-CUT-SHEET.pdf,"37 3/4"" W x 15 5/8"" H x 25 3/8"" D",as published (single sensible measurement),DISPUTED - manual check,no,RK drawing: 37 3/4 W confirmed; drawing reads ~15-16 1/8 H and 18 1/4 D; recorded 15 5/8 H / 25 3/8 D in no RK document,as published (single sensible measurement)
92,Islandaire,EZRM09K5G2N16AB,https://islandaire.com/wp-content/uploads/2025/08/EZRM-Series-Cutsheet.pdf,"36"" W x 16"" H x 11.375"" D",sleeve = fit opening,VERIFIED (sweep),YES,landing page replaced; EZRM cutsheet carries the value,sleeve = fit opening
93,Islandaire,EZRM12L5ZBS16AL,https://islandaire.com/wp-content/uploads/2025/08/EZRM-Series-Cutsheet.pdf,"36"" W x 16"" H x 11.375"" D",sleeve = fit opening,VERIFIED (sweep: all figures in cited doc),YES,,sleeve = fit opening
94,Islandaire,EZ12A2RM,https://islandaire.com/wp-content/uploads/2025/08/EZRM-Series-Cutsheet.pdf,"36"" W x 16"" H x 11.375"" D",sleeve = fit opening,VERIFIED (sweep: value in replacement doc),YES,dead link replaced (tested 200),sleeve = fit opening
95,Islandaire,EZRM12A9,https://islandaire.com/wp-content/uploads/2025/08/EZRM-Series-Cutsheet.pdf,"36"" W x 16"" H x 11.375"" D",sleeve = fit opening,VERIFIED (sweep: value in replacement doc),YES,dead link replaced (tested 200),sleeve = fit opening
96,Islandaire,EZRM12L2IBS16AL,https://islandaire.com/wp-content/uploads/2025/08/EZRM-Series-Cutsheet.pdf,"36"" W x 16"" H x 11.375"" D",sleeve = fit opening,VERIFIED (sweep: all figures in cited doc),YES,,sleeve = fit opening
97,Islandaire,EZRM16L2IAS15AA,https://islandaire.com/wp-content/uploads/2025/08/EZRM-Series-Cutsheet.pdf,"36"" W x 16"" H x 11.375"" D",sleeve = fit opening,VERIFIED (sweep: all figures in cited doc),YES,,sleeve = fit opening
98,Islandaire,EZRM16L2IBS16AL,https://islandaire.com/wp-content/uploads/2025/08/EZRM-Series-Cutsheet.pdf,"36"" W x 16"" H x 11.375"" D",sleeve = fit opening,VERIFIED (sweep: all figures in cited doc),YES,,sleeve = fit opening
99,Islandaire,EZRM16A9GBS,https://islandaire.com/wp-content/uploads/2025/08/EZRM-Series-Cutsheet.pdf,"36"" W x 16"" H x 11.375"" D",sleeve = fit opening,VERIFIED (sweep: value in replacement doc),YES,dead link replaced (tested 200),sleeve = fit opening
100,Islandaire,EZCM12K2IAS16AL,https://islandaire.com/wp-content/uploads/2025/08/ezcm-series-cut-sheet.pdf,"36"" W x 16"" H x 11.0-21.375"" D",sleeve = fit opening,VERIFIED (sweep: all figures in cited doc),YES,,sleeve = fit opening
101,Islandaire,EZ12K1RTGAS15AB,https://islandaire.com/wp-content/uploads/2025/08/EZ-SERIES-RT-CUT-SHEET.pdf,"41.81"" W x 16"" H x 18.688"" D",sleeve = fit opening,VERIFIED (sweep: all figures in cited doc),YES,,sleeve = fit opening
102,Islandaire,EZ12K5RTGAS15AB,https://islandaire.com/wp-content/uploads/2025/08/EZ-SERIES-RT-CUT-SHEET.pdf,"41.81"" W x 16"" H x 18.688"" D",sleeve = fit opening,VERIFIED (sweep),YES,RT model cited the EZ42 manual; RT cutsheet carries the value,sleeve = fit opening
103,Islandaire,EZ15K9RTGAS15AB,https://islandaire.com/wp-content/uploads/2025/08/EZ-SERIES-RT-CUT-SHEET.pdf,"41.81"" W x 16"" H x 18.688"" D",sleeve = fit opening,VERIFIED (sweep: all figures in cited doc),YES,,sleeve = fit opening
104,Islandaire,EZ2609A5,https://islandaire.com/wp-content/uploads/2025/07/ez26-series-cutsheet.pdf,"26"" W x 16"" H x 16.875"" D",sleeve = fit opening,VERIFIED (sweep: all figures in cited doc),YES,,sleeve = fit opening
105,Islandaire,EZ2612A9A1S41AA,https://islandaire.com/wp-content/uploads/2025/07/ez26-series-cutsheet.pdf,"26"" W x 16"" H x 16.875"" D",sleeve = fit opening,VERIFIED (sweep: all figures in cited doc),YES,,sleeve = fit opening
106,Islandaire,EZ09K516,https://islandaire.com/wp-content/uploads/2025/09/EZ-Series-16-Cutsheet.pdf,"34 1/4"" W x 14 1/16"" H x 21 9/16"" D",as published (single sensible measurement),VERIFIED (sweep: all figures in cited doc),no,,as published (single sensible measurement)
107,Islandaire,EZ12K516GBS15AA,https://islandaire.com/wp-content/uploads/2025/09/EZ-Series-16-Cutsheet.pdf,"34 1/4"" W x 14 1/16"" H x 21 9/16"" D",as published (single sensible measurement),VERIFIED (sweep: all figures in cited doc),no,,as published (single sensible measurement)
108,Islandaire,EZ12L516ZBS15AA,https://islandaire.com/wp-content/uploads/2025/09/EZ-Series-16-Cutsheet.pdf,"34 1/4"" W x 14 1/16"" H x 21 9/16"" D",as published (single sensible measurement),VERIFIED (sweep: all figures in cited doc),no,,as published (single sensible measurement)
109,Islandaire,EZ12L516GBS15AA,https://islandaire.com/wp-content/uploads/2025/09/EZ-Series-16-Cutsheet.pdf,"34 1/4"" W x 14 1/16"" H x 21 9/16"" D",as published (single sensible measurement),VERIFIED (sweep: all figures in cited doc),no,,as published (single sensible measurement)
110,Islandaire,EZ12L116ZBS15AA,https://islandaire.com/wp-content/uploads/2025/09/EZ-Series-16-Cutsheet.pdf,"34 1/4"" W x 14 1/16"" H x 21 9/16"" D",as published (single sensible measurement),VERIFIED (sweep: all figures in cited doc),no,,as published (single sensible measurement)
111,Islandaire,EZ09K916GAS15AB,https://islandaire.com/wp-content/uploads/2025/09/EZ-Series-16-Cutsheet.pdf,"34 1/4"" W x 14 1/16"" H x 21 9/16"" D",as published (single sensible measurement),VERIFIED (sweep: all figures in cited doc),no,,as published (single sensible measurement)
112,Islandaire,EZ09L216IBS15AB,https://islandaire.com/wp-content/uploads/2025/09/EZ-Series-16-Cutsheet.pdf,"34 1/4"" W x 14 1/16"" H x 21 9/16"" D",as published (single sensible measurement),VERIFIED (sweep: value in replacement doc),YES,dead link replaced (tested 200),as published (single sensible measurement)
113,Islandaire,EZ12L216IBS15AA,https://islandaire.com/wp-content/uploads/2025/09/EZ-Series-16-Cutsheet.pdf,"34 1/4"" W x 14 1/16"" H x 21 9/16"" D",as published (single sensible measurement),VERIFIED (sweep: all figures in cited doc),no,,as published (single sensible measurement)
114,Islandaire,EZ15K916G4S15AA,https://islandaire.com/wp-content/uploads/2025/09/EZ-Series-16-Cutsheet.pdf,"34 1/4"" W x 14 1/16"" H x 21 9/16"" D",as published (single sensible measurement),VERIFIED (sweep: all figures in cited doc),no,,as published (single sensible measurement)
115,Islandaire,EZ15K916GAS15AA,https://islandaire.com/wp-content/uploads/2025/09/EZ-Series-16-Cutsheet.pdf,"34 1/4"" W x 14 1/16"" H x 21 9/16"" D",as published (single sensible measurement),VERIFIED (sweep: all figures in cited doc),no,,as published (single sensible measurement)
116,Islandaire,EZ15L216IBS15AA,https://islandaire.com/wp-content/uploads/2025/09/EZ-Series-16-Cutsheet.pdf,"34 1/4"" W x 14 1/16"" H x 21 9/16"" D",as published (single sensible measurement),VERIFIED (sweep: all figures in cited doc),no,,as published (single sensible measurement)
117,Islandaire,EZ15B481AXS14AA,https://islandaire.com/wp-content/uploads/2025/09/EZ-Series-16-Cutsheet.pdf,"34 1/4"" W x 14 1/16"" H x 21 9/16"" D",as published (single sensible measurement),VERIFIED (sweep: all figures in cited doc),no,,as published (single sensible measurement)
118,Islandaire,EZ15B4LRAXN14AA,https://islandaire.com/wp-content/uploads/2025/09/EZ-Series-16-Cutsheet.pdf,"34 1/4"" W x 14 1/16"" H x 21 9/16"" D",as published (single sensible measurement),VERIFIED (sweep: all figures in cited doc),no,,as published (single sensible measurement)
119,Islandaire,EZ15B4WMA1S14AA,https://islandaire.com/products/ez-series/,"37 13/16"" W x 24 13/16"" H x 10 3/16"" D",as published (single sensible measurement),UNSOURCED - no WM document found,no,WM cutsheet not at any standard islandaire.com path (5 guesses 404),as published (single sensible measurement)
120,Islandaire,EZ09A1WCG7N10AA,https://www.ptacsolutions.com/assets/images/ISLANDAIRE/EZWC.pdf,"37 11/16"" W x 20 7/16"" H x 12 3/16"" D",unit overall,VERIFIED (sweep-corrected),YES,"WC cutsheet carries no dimensional data; EZ WC drawing (Islandaire sheet hosted by ptacsolutions.com): 20 7/16 H x 37 11/16 W x 12 3/16 D. Recorded 12 3/16 ""W"" was the DEPTH; the TBD depth was the missing WIDTH. Current islandaire.com WC sheet omits dims entirely.",unit overall
121,Islandaire,EZ09K5WCG7N14AA,https://www.ptacsolutions.com/assets/images/ISLANDAIRE/EZWC.pdf,"37 11/16"" W x 20 7/16"" H x 12 3/16"" D",unit overall,VERIFIED (sweep-corrected),YES,"WC cutsheet carries no dimensional data; EZ WC drawing (Islandaire sheet hosted by ptacsolutions.com): 20 7/16 H x 37 11/16 W x 12 3/16 D. Recorded 12 3/16 ""W"" was the DEPTH; the TBD depth was the missing WIDTH. Current islandaire.com WC sheet omits dims entirely.",unit overall
122,Islandaire,EZ12K5CKGAS14AA,https://islandaire.com/wp-content/uploads/2025/06/EZ-Series-CK-cutsheet.pdf,"30 15/16"" W x 17 1/16"" H x 19 5/16"" D",as published (single sensible measurement),VERIFIED (sweep: value in replacement doc),YES,dead link replaced (tested 200),as published (single sensible measurement)
123,Islandaire,EZ12K5WLG3S44AA,https://islandaire.com/wp-content/uploads/2025/10/EZ-Series-WL-cut-sheet.pdf,"30 15/16"" W x 17 1/16"" H x 19 5/16"" D",as published (single sensible measurement),DISPUTED - manual check,no,recorded value identical to CK rows; WL sheet lists all dims as Consult Factory - likely copy-paste from CK,as published (single sensible measurement)
124,Islandaire,EZ12K1CKGAS14AA,https://islandaire.com/wp-content/uploads/2025/06/EZ-Series-CK-cutsheet.pdf,"30 15/16"" W x 17 1/16"" H x 19 5/16"" D",as published (single sensible measurement),VERIFIED (sweep: all figures in cited doc),no,,as published (single sensible measurement)
125,Islandaire,EZ12A9CKGAS14AA,https://islandaire.com/wp-content/uploads/2025/06/EZ-Series-CK-cutsheet.pdf,"30 15/16"" W x 17 1/16"" H x 19 5/16"" D",as published (single sensible measurement),VERIFIED (sweep: all figures in cited doc),no,,as published (single sensible measurement)
126,Islandaire,EZ12K2CKGAS14AA,https://islandaire.com/wp-content/uploads/2025/06/EZ-Series-CK-cutsheet.pdf,"30 15/16"" W x 17 1/16"" H x 19 5/16"" D",as published (single sensible measurement),VERIFIED (sweep: value in replacement doc),YES,dead link replaced (tested 200),as published (single sensible measurement)
127,Islandaire,EZ15K9CKGAS14AA,https://islandaire.com/wp-content/uploads/2025/06/EZ-Series-CK-cutsheet.pdf,"30 15/16"" W x 17 1/16"" H x 19 5/16"" D",as published (single sensible measurement),VERIFIED (sweep),YES,CK model cited the EZ16 sheet; CK cutsheet carries the value,as published (single sensible measurement)
128,Islandaire,EZ15K9CKA1S14AA,https://islandaire.com/wp-content/uploads/2025/06/EZ-Series-CK-cutsheet.pdf,"30 15/16"" W x 17 1/16"" H x 19 5/16"" D",as published (single sensible measurement),VERIFIED (sweep: all figures in cited doc),no,,as published (single sensible measurement)
129,Islandaire,"WALL SLEEVE ASSY, KA/KF, 11.5""",https://islandaire.com/wp-content/uploads/2025/08/EZKF-Series-Cutsheet.pdf,"36.125"" W x 24.590"" H x 11.500"" D",as published (single sensible measurement),VERIFIED (sweep: all figures in cited doc),no,,as published (single sensible measurement)
130,Islandaire,"WALL SLEEVE,42X16X13.75 STD BREAK DOWN",https://islandaire.com/wp-content/uploads/2025/07/ez42-series-cutsheet.pdf,"42.000"" W x 16.000"" H x 13.750"" D",as published (single sensible measurement),VERIFIED (sweep: all figures in cited doc),no,,as published (single sensible measurement)
131,Islandaire,EZ2612L2C2S46AA,https://islandaire.com/wp-content/uploads/2025/07/ez26-series-cutsheet.pdf,"26"" W x 16"" H x 16.875"" D",sleeve = fit opening,VERIFIED (sweep: all figures in cited doc),YES,,sleeve = fit opening
132,Islandaire,EZ42122231546AA,https://islandaire.com/wp-content/uploads/2025/07/EZ42-EZDR-Engineering-Manual-11_30_23.pdf,"42"" W x 16"" H x 13.75"" D",sleeve = fit opening,VERIFIED (sweep: all figures in cited doc),YES,,sleeve = fit opening
133,Islandaire,EZ4V122231S46AA,https://islandaire.com/wp-content/uploads/2025/05/ez-4v-series-cutsheet.pdf,"42"" W x 16"" H x 13.75"" D",sleeve = fit opening,VERIFIED,YES,"dims VERIFIED: EZ4V is a 42x16 PTAC, not a 23x23 vertical stack - verified from ez-4v cut sheet wall-sleeve table; matches rows 130/132; dead link replaced (tested 200)",sleeve = fit opening
134,IEC,MPY08,https://files.iecokc.com/Technical%20Catalogs/CA-050-ModHiRise-I100-90002105.pdf,"20"" W x 88"" H x 20"" D",as published (single sensible measurement),VERIFIED (sweep: all figures in cited doc),no,,as published (single sensible measurement)
135,IceAir,5FCH03,https://files.iecokc.com/IOM/IOM-100-Horiz-Vertical-Hi-Perf-Fan_Coil_IOM-I100-90000950.pdf,"45"" W x 27 1/2"" H x depth TBD",was flagged verify,UNRESOLVED - depth TBD,YES,model not found in cited IEC docs; request Ice Air FCH/FCLB submittal,was flagged verify
136,IceAir,FHA0200,https://files.iecokc.com/IOM/IOM-100-Horiz-Vertical-Hi-Perf-Fan_Coil_IOM-I100-90000950.pdf,"23.5"" W x 25"" H x 9.125"" D",as published (single sensible measurement),VERIFIED (sweep: all figures in cited doc),no,,as published (single sensible measurement)
137,IceAir,FXA02,https://files.iecokc.com/IOM/IOM-100-Horiz-Vertical-Hi-Perf-Fan_Coil_IOM-I100-90000950.pdf,"41"" W x 25"" H x 9.125"" D",as published (single sensible measurement),VERIFIED (sweep: all figures in cited doc),no,,as published (single sensible measurement)
138,IceAir,5FCLB04,https://files.iecokc.com/IOM/IOM-100-Horiz-Vertical-Hi-Perf-Fan_Coil_IOM-I100-90000950.pdf,"54"" W x 36"" H x depth TBD",was flagged verify,UNRESOLVED - depth TBD,YES,model not found in cited IEC docs; request Ice Air FCH/FCLB submittal,was flagged verify
139,IceAir,FHA0400,https://files.iecokc.com/IOM/IOM-100-Horiz-Vertical-Hi-Perf-Fan_Coil_IOM-I100-90000950.pdf,"33.5"" W x 25"" H x 9.125"" D",as published (single sensible measurement),VERIFIED (sweep: all figures in cited doc),no,,as published (single sensible measurement)
140,IceAir,LXA04,https://files.iecokc.com/IOM/IOM-100-Horiz-Vertical-Hi-Perf-Fan_Coil_IOM-I100-90000950.pdf,"54"" W x 14.375"" H x 12"" D",as published (single sensible measurement),"PARTIAL - W sourced, H/D unsourced",no,IOM Table 2: LXA04 width 54; 14.375 H and 12 D not in IOM,as published (single sensible measurement)
141,IceAir,FHA0600,https://files.iecokc.com/IOM/IOM-100-Horiz-Vertical-Hi-Perf-Fan_Coil_IOM-I100-90000950.pdf,"43.5"" W x 25"" H x 9.125"" D",as published (single sensible measurement),VERIFIED (sweep: all figures in cited doc),no,,as published (single sensible measurement)
142,IceAir,FXA06,https://files.iecokc.com/IOM/IOM-100-Horiz-Vertical-Hi-Perf-Fan_Coil_IOM-I100-90000950.pdf,"61"" W x 25"" H x 9.125"" D",as published (single sensible measurement),VERIFIED (sweep: all figures in cited doc),no,,as published (single sensible measurement)
143,IceAir,5FCVE02,https://www.ice-air.com/wp-content/uploads/ICE6082-FCVC-FCVE-Install.pdf,"41"" W x 25"" H x 9.25"" D",as published (single sensible measurement),VERIFIED (sweep),YES,"FCVE submittal has no dims; ICE6082 install manual table: A(width)=41 exact, E(depth)=9 1/4; height 25 constant on drawing",as published (single sensible measurement)
144,IceAir,5FCVC03,https://www.ice-air.com/wp-content/uploads/ICE6082-FCVC-FCVE-Install.pdf,"23.75"" W x 25"" H x 9"" D",as published (single sensible measurement),VERIFIED (sweep: all figures in cited doc),no,,as published (single sensible measurement)
145,IceAir,5FCVE03,https://www.ice-air.com/wp-content/uploads/ICE6082-FCVC-FCVE-Install.pdf,"45"" W x 25"" H x 9.25"" D",as published (single sensible measurement),VERIFIED (sweep),YES,"FCVE submittal has no dims; ICE6082 install manual table: A(width)=45 exact, E(depth)=9 1/4; height 25 constant on drawing",as published (single sensible measurement)
146,IceAir,5FCVE04,https://www.ice-air.com/wp-content/uploads/ICE6082-FCVC-FCVE-Install.pdf,"51"" W x 25"" H x 9.25"" D",as published (single sensible measurement),VERIFIED (sweep),YES,"FCVE submittal has no dims; ICE6082 install manual table: A(width)=51 exact, E(depth)=9 1/4; height 25 constant on drawing",as published (single sensible measurement)
147,IceAir,MPY04,https://files.iecokc.com/Technical%20Catalogs/CA-050-ModHiRise-I100-90002105.pdf,"17"" W x 88"" H x 17"" D",as published (single sensible measurement),VERIFIED (sweep: all figures in cited doc),no,,as published (single sensible measurement)
148,IceAir,5FCVE06,https://www.ice-air.com/wp-content/uploads/ICE6082-FCVC-FCVE-Install.pdf,"61"" W x 25"" H x 9.25"" D",as published (single sensible measurement),VERIFIED (sweep),YES,"FCVE submittal has no dims; ICE6082 install manual table: A(width)=61 exact, E(depth)=9 1/4; height 25 constant on drawing",as published (single sensible measurement)
149,IceAir,MPY06,https://files.iecokc.com/Technical%20Catalogs/CA-050-ModHiRise-I100-90002105.pdf,"20"" W x 88"" H x 20"" D",as published (single sensible measurement),VERIFIED (sweep: all figures in cited doc),no,,as published (single sensible measurement)
150,IceAir,5FCVE08,https://www.ice-air.com/wp-content/uploads/ICE6082-FCVC-FCVE-Install.pdf,"63"" W x 25"" H x 9.25"" D",as published (single sensible measurement),VERIFIED (sweep),YES,"FCVE submittal has no dims; ICE6082 install manual table: A(width)=63 exact, E(depth)=9 1/4; height 25 constant on drawing",as published (single sensible measurement)
151,IceAir,5FCVC08,https://www.ice-air.com/wp-content/uploads/ICE6082-FCVC-FCVE-Install.pdf,"42.75"" W x 25"" H x 9"" D",as published (single sensible measurement),VERIFIED (sweep: all figures in cited doc),no,,as published (single sensible measurement)
152,IceAir,SAB-8727-115,https://islandaire.com/wp-content/uploads/2025/08/EZKF-Series-Cut-Sheet.pdf,"34.625"" W x 9.875"" H x 16.375"" D",as published (single sensible measurement),VERIFIED (sweep: all figures in cited doc),no,,as published (single sensible measurement)
153,IceAir,SAB-8727-208,https://islandaire.com/wp-content/uploads/2025/08/EZKF-Series-Cut-Sheet.pdf,"34.625"" W x 9.875"" H x 16.375"" D",as published (single sensible measurement),VERIFIED (sweep: all figures in cited doc),no,,as published (single sensible measurement)
154,IceAir,5RSAN07,https://www.ice-air.com/wp-content/uploads/ice-air-ptac-rsan-dimensional-drawing.pdf,"39.75"" W x 14.25"" H x 17.375"" D",opening W/H + unit depth,VERIFIED,YES,dims VERIFIED from Ice Air dimensional drawing; URL repointed; convention rewrite: through-wall section H 14.25; overall depth 17.375 (front cabinet H 15.875),opening W/H + unit depth
155,IceAir,5RSAN09,https://www.ice-air.com/wp-content/uploads/ice-air-ptac-rsan-dimensional-drawing.pdf,"39.75"" W x 14.25"" H x 17.375"" D",opening W/H + unit depth,VERIFIED,YES,dims VERIFIED from Ice Air dimensional drawing; URL repointed; convention rewrite: through-wall section H 14.25; overall depth 17.375 (front cabinet H 15.875),opening W/H + unit depth
156,IceAir,5RSAN13,https://www.ice-air.com/wp-content/uploads/ice-air-ptac-rsan-dimensional-drawing.pdf,"39.75"" W x 14.25"" H x 17.375"" D",opening W/H + unit depth,VERIFIED,YES,dims VERIFIED from Ice Air dimensional drawing; URL repointed; convention rewrite: through-wall section H 14.25; overall depth 17.375 (front cabinet H 15.875),opening W/H + unit depth
157,IceAir,5RSAN15,https://www.ice-air.com/wp-content/uploads/ice-air-ptac-rsan-dimensional-drawing.pdf,"39.75"" W x 14.25"" H x 17.375"" D",opening W/H + unit depth,VERIFIED,YES,dims VERIFIED from Ice Air dimensional drawing; URL repointed; convention rewrite: through-wall section H 14.25; overall depth 17.375 (front cabinet H 15.875),opening W/H + unit depth
158,IceAir,8RSAN09,https://www.ice-air.com/wp-content/uploads/ice-air-ptac-rsan-dimensional-drawing.pdf,"39.75"" W x 14.25"" H x 17.375"" D",opening W/H + unit depth,VERIFIED,YES,dims VERIFIED from Ice Air dimensional drawing; URL repointed; convention rewrite: through-wall section H 14.25; overall depth 17.375 (front cabinet H 15.875),opening W/H + unit depth
159,IceAir,8RSAN13,https://www.ice-air.com/wp-content/uploads/ice-air-ptac-rsan-dimensional-drawing.pdf,"39.75"" W x 14.25"" H x 17.375"" D",opening W/H + unit depth,VERIFIED,YES,dims VERIFIED from Ice Air dimensional drawing; URL repointed; convention rewrite: through-wall section H 14.25; overall depth 17.375 (front cabinet H 15.875),opening W/H + unit depth
160,IceAir,8RSAN15,https://www.ice-air.com/wp-content/uploads/ice-air-ptac-rsan-dimensional-drawing.pdf,"39.75"" W x 14.25"" H x 17.375"" D",opening W/H + unit depth,VERIFIED,YES,dims VERIFIED from Ice Air dimensional drawing; URL repointed; convention rewrite: through-wall section H 14.25; overall depth 17.375 (front cabinet H 15.875),opening W/H + unit depth
161,IceAir,8RSAN17,https://www.ice-air.com/wp-content/uploads/ice-air-ptac-rsan-dimensional-drawing.pdf,"39.75"" W x 14.25"" H x 17.375"" D",opening W/H + unit depth,VERIFIED,YES,dims VERIFIED from Ice Air dimensional drawing; URL repointed; convention rewrite: through-wall section H 14.25; overall depth 17.375 (front cabinet H 15.875),opening W/H + unit depth
162,IceAir,8RSAN18,https://www.ice-air.com/wp-content/uploads/ice-air-ptac-rsan-dimensional-drawing.pdf,"39.75"" W x 14.25"" H x 17.375"" D",opening W/H + unit depth,VERIFIED,YES,dims VERIFIED from Ice Air dimensional drawing; URL repointed; convention rewrite: through-wall section H 14.25; overall depth 17.375 (front cabinet H 15.875),opening W/H + unit depth
163,IceAir,5RSEA09,https://www.ice-air.com/wp-content/uploads/ice-air-ptac-rsea-dimensional-drawing.pdf,"42.5"" W x 14.25"" H x 18.5"" D",opening W/H + unit depth,VERIFIED,YES,dims VERIFIED from Ice Air dimensional drawing; URL repointed; convention rewrite: in-sleeve section 42.5x14.25; overall depth 18.5 (front cabinet 43.5 x 14.875),opening W/H + unit depth
164,IceAir,5RSEA13,https://www.ice-air.com/wp-content/uploads/ice-air-ptac-rsea-dimensional-drawing.pdf,"42.5"" W x 14.25"" H x 18.5"" D",opening W/H + unit depth,VERIFIED,YES,dims VERIFIED from Ice Air dimensional drawing; URL repointed; convention rewrite: in-sleeve section 42.5x14.25; overall depth 18.5 (front cabinet 43.5 x 14.875),opening W/H + unit depth
165,IceAir,8RSEA09,https://www.ice-air.com/wp-content/uploads/ice-air-ptac-rsea-dimensional-drawing.pdf,"42.5"" W x 14.25"" H x 18.5"" D",opening W/H + unit depth,VERIFIED,YES,dims VERIFIED from Ice Air dimensional drawing; URL repointed; convention rewrite: in-sleeve section 42.5x14.25; overall depth 18.5 (front cabinet 43.5 x 14.875),opening W/H + unit depth
166,IceAir,8RSEA13,https://www.ice-air.com/wp-content/uploads/ice-air-ptac-rsea-dimensional-drawing.pdf,"42.5"" W x 14.25"" H x 18.5"" D",opening W/H + unit depth,VERIFIED,YES,dims VERIFIED from Ice Air dimensional drawing; URL repointed; convention rewrite: in-sleeve section 42.5x14.25; overall depth 18.5 (front cabinet 43.5 x 14.875),opening W/H + unit depth
167,IceAir,8RSEA18,https://www.ice-air.com/wp-content/uploads/ice-air-ptac-rsea-dimensional-drawing.pdf,"42.5"" W x 14.25"" H x 18.5"" D",opening W/H + unit depth,VERIFIED,YES,dims VERIFIED from Ice Air dimensional drawing; URL repointed; convention rewrite: in-sleeve section 42.5x14.25; overall depth 18.5 (front cabinet 43.5 x 14.875),opening W/H + unit depth
168,IceAir,5RSMK09,https://www.ice-air.com/wp-content/uploads/ice-air-ptac-rsmk-dimensional-drawing.pdf,"36"" W x 13 15/16"" H x 15.625"" D",opening W/H + unit depth,VERIFIED,YES,dims VERIFIED from Ice Air dimensional drawing; URL repointed; convention rewrite: opening = legacy K sleeve 36 x 13 15/16 (Islandaire cross-ref); machine 34.625 wide x 15.625 deep fits it (SAB-8164),opening W/H + unit depth
169,IceAir,5RSMK13,https://www.ice-air.com/wp-content/uploads/ice-air-ptac-rsmk-dimensional-drawing.pdf,"36"" W x 13 15/16"" H x 15.625"" D",opening W/H + unit depth,VERIFIED,YES,dims VERIFIED from Ice Air dimensional drawing; URL repointed; convention rewrite: opening = legacy K sleeve 36 x 13 15/16 (Islandaire cross-ref); machine 34.625 wide x 15.625 deep fits it (SAB-8164),opening W/H + unit depth
170,IceAir,8RSMK09,https://www.ice-air.com/wp-content/uploads/ice-air-ptac-rsmk-dimensional-drawing.pdf,"36"" W x 13 15/16"" H x 15.625"" D",opening W/H + unit depth,VERIFIED,YES,dims VERIFIED from Ice Air dimensional drawing; URL repointed; convention rewrite: opening = legacy K sleeve 36 x 13 15/16 (Islandaire cross-ref); machine 34.625 wide x 15.625 deep fits it (SAB-8164),opening W/H + unit depth
171,IceAir,8RSMK13,https://www.ice-air.com/wp-content/uploads/ice-air-ptac-rsmk-dimensional-drawing.pdf,"36"" W x 13 15/16"" H x 15.625"" D",opening W/H + unit depth,VERIFIED,YES,dims VERIFIED from Ice Air dimensional drawing; URL repointed; convention rewrite: opening = legacy K sleeve 36 x 13 15/16 (Islandaire cross-ref); machine 34.625 wide x 15.625 deep fits it (SAB-8164),opening W/H + unit depth
172,IceAir,8RSMK16,https://www.ice-air.com/wp-content/uploads/ice-air-ptac-rsmk-dimensional-drawing.pdf,"36"" W x 13 15/16"" H x 15.625"" D",opening W/H + unit depth,VERIFIED,YES,dims VERIFIED from Ice Air dimensional drawing; URL repointed; convention rewrite: opening = legacy K sleeve 36 x 13 15/16 (Islandaire cross-ref); machine 34.625 wide x 15.625 deep fits it (SAB-8164),opening W/H + unit depth
173,IceAir,8rsan09-e3,https://www.ice-air.com/wp-content/uploads/ice-air-ptac-rsan-dimensional-drawing.pdf,"39.75"" W x 14.25"" H x 17.375"" D",opening W/H + unit depth,VERIFIED,YES,dims VERIFIED from Ice Air dimensional drawing; URL repointed; convention rewrite: through-wall section H 14.25; overall depth 17.375 (front cabinet H 15.875),opening W/H + unit depth
174,IceAir,5RSF09,https://www.ice-air.com/wp-content/uploads/ice-air-ptac-rsf-dimensional-drawing.pdf,"26.375"" W x 15.813"" H x 20.75"" D",opening W/H + unit depth,VERIFIED,YES,"dims VERIFIED from Ice Air dimensional drawing; URL repointed; convention rewrite: console unit, single-step; overall dims",opening W/H + unit depth
175,IceAir,5RSF12,https://www.ice-air.com/wp-content/uploads/ice-air-ptac-rsf-dimensional-drawing.pdf,"26.375"" W x 15.813"" H x 20.75"" D",opening W/H + unit depth,VERIFIED,YES,"dims VERIFIED from Ice Air dimensional drawing; URL repointed; convention rewrite: console unit, single-step; overall dims",opening W/H + unit depth
176,IceAir,5RSF13,https://www.ice-air.com/wp-content/uploads/ice-air-ptac-rsf-dimensional-drawing.pdf,"26.375"" W x 15.813"" H x 20.75"" D",opening W/H + unit depth,VERIFIED,YES,"dims VERIFIED from Ice Air dimensional drawing; URL repointed; convention rewrite: console unit, single-step; overall dims",opening W/H + unit depth
177,IceAir,8RSF13,https://www.ice-air.com/wp-content/uploads/ice-air-ptac-rsf-dimensional-drawing.pdf,"26.375"" W x 15.813"" H x 20.75"" D",opening W/H + unit depth,VERIFIED,YES,"dims VERIFIED from Ice Air dimensional drawing; URL repointed; convention rewrite: console unit, single-step; overall dims",opening W/H + unit depth
178,IceAir,8RSF16,https://www.ice-air.com/wp-content/uploads/ice-air-ptac-rsf-dimensional-drawing.pdf,"26.375"" W x 15.813"" H x 20.75"" D",opening W/H + unit depth,VERIFIED,YES,"dims VERIFIED from Ice Air dimensional drawing; URL repointed; convention rewrite: console unit, single-step; overall dims",opening W/H + unit depth
179,IceAir,5RSK07,https://www.ice-air.com/wp-content/uploads/ice-air-ptac-rsk-dimensional-drawing.pdf,"36"" W x 15"" H x 19.25"" D",opening W/H + unit depth,VERIFIED,YES,dims VERIFIED from Ice Air dimensional drawing; URL repointed; convention rewrite: in-sleeve section 36x15; overall depth 19.25 (drawing also shows 38 x 16.75 front cabinet),opening W/H + unit depth
180,IceAir,5RSK09,https://www.ice-air.com/wp-content/uploads/ice-air-ptac-rsk-dimensional-drawing.pdf,"36"" W x 15"" H x 19.25"" D",opening W/H + unit depth,VERIFIED,YES,dims VERIFIED from Ice Air dimensional drawing; URL repointed; convention rewrite: in-sleeve section 36x15; overall depth 19.25 (drawing also shows 38 x 16.75 front cabinet),opening W/H + unit depth
181,IceAir,5RSK13,https://www.ice-air.com/wp-content/uploads/ice-air-ptac-rsk-dimensional-drawing.pdf,"36"" W x 15"" H x 19.25"" D",opening W/H + unit depth,VERIFIED,YES,dims VERIFIED from Ice Air dimensional drawing; URL repointed; convention rewrite: in-sleeve section 36x15; overall depth 19.25 (drawing also shows 38 x 16.75 front cabinet),opening W/H + unit depth
182,IceAir,5RSK13A,https://www.ice-air.com/wp-content/uploads/ice-air-ptac-rsk-dimensional-drawing.pdf,"36"" W x 15"" H x 19.25"" D",opening W/H + unit depth,VERIFIED,YES,dims VERIFIED from Ice Air dimensional drawing; URL repointed; convention rewrite: in-sleeve section 36x15; overall depth 19.25 (drawing also shows 38 x 16.75 front cabinet),opening W/H + unit depth
183,IceAir,8RSK09,https://www.ice-air.com/wp-content/uploads/ice-air-ptac-rsk-dimensional-drawing.pdf,"36"" W x 15"" H x 19.25"" D",opening W/H + unit depth,VERIFIED,YES,dims VERIFIED from Ice Air dimensional drawing; URL repointed; convention rewrite: in-sleeve section 36x15; overall depth 19.25 (drawing also shows 38 x 16.75 front cabinet),opening W/H + unit depth
184,IceAir,8RSK13,https://www.ice-air.com/wp-content/uploads/ice-air-ptac-rsk-dimensional-drawing.pdf,"36"" W x 15"" H x 19.25"" D",opening W/H + unit depth,VERIFIED,YES,dims VERIFIED from Ice Air dimensional drawing; URL repointed; convention rewrite: in-sleeve section 36x15; overall depth 19.25 (drawing also shows 38 x 16.75 front cabinet),opening W/H + unit depth
185,IceAir,8RSK16,https://www.ice-air.com/wp-content/uploads/ice-air-ptac-rsk-dimensional-drawing.pdf,"36"" W x 15"" H x 19.25"" D",opening W/H + unit depth,VERIFIED,YES,dims VERIFIED from Ice Air dimensional drawing; URL repointed; convention rewrite: in-sleeve section 36x15; overall depth 19.25 (drawing also shows 38 x 16.75 front cabinet),opening W/H + unit depth
186,IceAir,8RSK18,https://www.ice-air.com/wp-content/uploads/ice-air-ptac-rsk-dimensional-drawing.pdf,"36"" W x 15"" H x 19.25"" D",opening W/H + unit depth,VERIFIED,YES,dims VERIFIED from Ice Air dimensional drawing; URL repointed; convention rewrite: in-sleeve section 36x15; overall depth 19.25 (drawing also shows 38 x 16.75 front cabinet),opening W/H + unit depth
187,IceAir,5RSZ09,https://www.ice-air.com/wp-content/uploads/ice-air-ptac-rsz-dimensional-drawing.pdf,"36"" W x 14.75"" H x 19"" D",opening W/H + unit depth,VERIFIED,YES,dims VERIFIED from Ice Air dimensional drawing; URL repointed; convention rewrite: overall dims from drawing,opening W/H + unit depth
188,IceAir,5RSZ13,https://www.ice-air.com/wp-content/uploads/ice-air-ptac-rsz-dimensional-drawing.pdf,"36"" W x 14.75"" H x 19"" D",opening W/H + unit depth,VERIFIED,YES,dims VERIFIED from Ice Air dimensional drawing; URL repointed; convention rewrite: overall dims from drawing,opening W/H + unit depth
189,IceAir,5RSZ13A,https://www.ice-air.com/wp-content/uploads/ice-air-ptac-rsz-dimensional-drawing.pdf,"36"" W x 14.75"" H x 19"" D",opening W/H + unit depth,VERIFIED,YES,dims VERIFIED from Ice Air dimensional drawing; URL repointed; convention rewrite: overall dims from drawing,opening W/H + unit depth
190,IceAir,8RSZ13,https://www.ice-air.com/wp-content/uploads/ice-air-ptac-rsz-dimensional-drawing.pdf,"36"" W x 14.75"" H x 19"" D",opening W/H + unit depth,VERIFIED,YES,dims VERIFIED from Ice Air dimensional drawing; URL repointed; convention rewrite: overall dims from drawing,opening W/H + unit depth
191,IceAir,8RSZ13A,https://www.ice-air.com/wp-content/uploads/ice-air-ptac-rsz-dimensional-drawing.pdf,"36"" W x 14.75"" H x 19"" D",opening W/H + unit depth,VERIFIED,YES,dims VERIFIED from Ice Air dimensional drawing; URL repointed; convention rewrite: overall dims from drawing,opening W/H + unit depth
192,IceAir,8RSZ18,https://www.ice-air.com/wp-content/uploads/ice-air-ptac-rsz-dimensional-drawing.pdf,"36"" W x 14.75"" H x 19"" D",opening W/H + unit depth,VERIFIED,YES,dims VERIFIED from Ice Air dimensional drawing; URL repointed; convention rewrite: overall dims from drawing,opening W/H + unit depth
193,IceAir,5RSCC09,https://www.ice-air.com/wp-content/uploads/ice-air-ptac-rscc-dimensional-drawing.pdf,"40"" W x 15"" H x 19.25"" D",opening W/H + unit depth,VERIFIED,YES,dims VERIFIED from Ice Air dimensional drawing; URL repointed; convention rewrite: in-sleeve section 40x15; overall depth 19.25 (front cabinet 42 x 16.75),opening W/H + unit depth
194,IceAir,5RSCC13,https://www.ice-air.com/wp-content/uploads/ice-air-ptac-rscc-dimensional-drawing.pdf,"40"" W x 15"" H x 19.25"" D",opening W/H + unit depth,VERIFIED,YES,dims VERIFIED from Ice Air dimensional drawing; URL repointed; convention rewrite: in-sleeve section 40x15; overall depth 19.25 (front cabinet 42 x 16.75),opening W/H + unit depth
195,IceAir,5RSCM13,https://www.ice-air.com/wp-content/uploads/ice-air-ptac-rscm-product-sheet.pdf,"32"" W x 18.25"" H x 16.75"" D",sleeve = fit opening,UNRESOLVED,YES,RSCM: unresolved - dims NOT changed,sleeve = fit opening
196,IceAir,5RSET13,https://www.ice-air.com/wp-content/uploads/ice-air-ptac-rscc-product-sheet.pdf,"28"" W x 20"" H x depth TBD",sleeve = fit opening,UNRESOLVED - depth TBD,YES,RSET: unresolved - dims NOT changed; EZ42-EZDR manual legacy-sleeve cross-ref table: ET 20 H x 28 W matches recorded W/H; depth still TBD,sleeve = fit opening
197,IceAir,5RSCM13-A,https://www.ice-air.com/wp-content/uploads/ice-air-ptac-rscm-product-sheet.pdf,"32"" W x 18.25"" H x 16.75"" D",sleeve = fit opening,UNRESOLVED,YES,RSCM: unresolved - dims NOT changed,sleeve = fit opening
198,IceAir,8RSCC13,https://www.ice-air.com/wp-content/uploads/ice-air-ptac-rscc-dimensional-drawing.pdf,"40"" W x 15"" H x 19.25"" D",opening W/H + unit depth,VERIFIED,YES,dims VERIFIED from Ice Air dimensional drawing; URL repointed; convention rewrite: in-sleeve section 40x15; overall depth 19.25 (front cabinet 42 x 16.75),opening W/H + unit depth
199,IceAir,8RSCC13-A,https://www.ice-air.com/wp-content/uploads/ice-air-ptac-rscc-dimensional-drawing.pdf,"40"" W x 15"" H x 19.25"" D",opening W/H + unit depth,VERIFIED,YES,dims VERIFIED from Ice Air dimensional drawing; URL repointed; convention rewrite: in-sleeve section 40x15; overall depth 19.25 (front cabinet 42 x 16.75),opening W/H + unit depth
200,IceAir,8RSWL16,https://www.ice-air.com/product/rscc/,"56.5"" W x 13.25"" H x depth TBD",sleeve = fit opening,UNRESOLVED - depth TBD,YES,RSWL: unresolved - dims NOT changed; EZ42-EZDR manual legacy-sleeve cross-ref table: RSWL 13 1/4 H x 56 1/2 W matches recorded W/H; depth still TBD,sleeve = fit opening
201,IceAir,8RSCC18,https://www.ice-air.com/wp-content/uploads/ice-air-ptac-rscc-dimensional-drawing.pdf,"40"" W x 15"" H x 19.25"" D",opening W/H + unit depth,VERIFIED,YES,dims VERIFIED from Ice Air dimensional drawing; URL repointed; convention rewrite: in-sleeve section 40x15; overall depth 19.25 (front cabinet 42 x 16.75),opening W/H + unit depth
202,IceAir,8RSCT18,https://www.ice-air.com/wp-content/uploads/ice-air-ptac-rscc-product-sheet.pdf,"40.75"" W x 15.75"" H x 18.688"" D",sleeve = fit opening,UNRESOLVED,YES,RSCT: unresolved - dims NOT changed,sleeve = fit opening
203,IceAir,8RSCM18,https://www.ice-air.com/wp-content/uploads/ice-air-ptac-rscm-product-sheet.pdf,"32"" W x 18.25"" H x 16.75"" D",sleeve = fit opening,UNRESOLVED,YES,RSCM: unresolved - dims NOT changed,sleeve = fit opening
204,IceAir,5RS1609,https://www.ice-air.com/wp-content/uploads/ice-air-ptac-rs16-dimensional-drawing.pdf,"34.5"" W x 14.25"" H x 18.5"" D",opening W/H + unit depth,VERIFIED,YES,dims VERIFIED from Ice Air dimensional drawing; URL repointed; convention rewrite: overall dims from drawing,opening W/H + unit depth
205,IceAir,5RS1613,https://www.ice-air.com/wp-content/uploads/ice-air-ptac-rs16-dimensional-drawing.pdf,"34.5"" W x 14.25"" H x 18.5"" D",opening W/H + unit depth,VERIFIED,YES,dims VERIFIED from Ice Air dimensional drawing; URL repointed; convention rewrite: overall dims from drawing,opening W/H + unit depth
206,IceAir,8RS1609,https://www.ice-air.com/wp-content/uploads/ice-air-ptac-rs16-dimensional-drawing.pdf,"34.5"" W x 14.25"" H x 18.5"" D",opening W/H + unit depth,VERIFIED,YES,dims VERIFIED from Ice Air dimensional drawing; URL repointed; convention rewrite: overall dims from drawing,opening W/H + unit depth
207,IceAir,8RS1613,https://www.ice-air.com/wp-content/uploads/ice-air-ptac-rs16-dimensional-drawing.pdf,"34.5"" W x 14.25"" H x 18.5"" D",opening W/H + unit depth,VERIFIED,YES,dims VERIFIED from Ice Air dimensional drawing; URL repointed; convention rewrite: overall dims from drawing,opening W/H + unit depth
208,IceAir,8RS1616,https://www.ice-air.com/wp-content/uploads/ice-air-ptac-rs16-dimensional-drawing.pdf,"34.5"" W x 14.25"" H x 18.5"" D",opening W/H + unit depth,VERIFIED,YES,dims VERIFIED from Ice Air dimensional drawing; URL repointed; convention rewrite: overall dims from drawing,opening W/H + unit depth
209,IceAir,8RS1618-A-DUAL,https://www.ice-air.com/wp-content/uploads/ice-air-ptac-rs16-dimensional-drawing.pdf,"34.5"" W x 14.25"" H x 18.5"" D",opening W/H + unit depth,VERIFIED,YES,dims VERIFIED from Ice Air dimensional drawing; URL repointed; convention rewrite: overall dims from drawing,opening W/H + unit depth
210,IceAir,8RS1618,https://www.ice-air.com/wp-content/uploads/ice-air-ptac-rs16-dimensional-drawing.pdf,"34.5"" W x 14.25"" H x 18.5"" D",opening W/H + unit depth,VERIFIED,YES,dims VERIFIED from Ice Air dimensional drawing; URL repointed; convention rewrite: overall dims from drawing,opening W/H + unit depth
211,IceAir,5CHPW09,https://www.ice-air.com/wp-content/uploads/ice-air-wshp-chpw-submittal.pdf,"46"" W x 25.25"" H x 11"" D",as published (single sensible measurement),VERIFIED (sweep: all figures in cited doc),no,,as published (single sensible measurement)
212,IceAir,5CHPW13,https://www.ice-air.com/wp-content/uploads/ice-air-wshp-chpw-submittal.pdf,"46"" W x 25.25"" H x 11"" D",as published (single sensible measurement),VERIFIED (sweep: all figures in cited doc),no,,as published (single sensible measurement)
213,IceAir,8CHPW09,https://www.ice-air.com/wp-content/uploads/ice-air-wshp-chpw-submittal.pdf,"46"" W x 25.25"" H x 11"" D",as published (single sensible measurement),VERIFIED (sweep: all figures in cited doc),no,,as published (single sensible measurement)
214,IceAir,8HPW09,https://www.ice-air.com/wp-content/uploads/ice-air-wshp-chpw-submittal.pdf,"46"" W x 25.25"" H x 11"" D",as published (single sensible measurement),VERIFIED (sweep: all figures in cited doc),no,,as published (single sensible measurement)
215,IceAir,8CHPW13,https://www.ice-air.com/wp-content/uploads/ice-air-wshp-chpw-submittal.pdf,"46"" W x 25.25"" H x 11"" D",as published (single sensible measurement),VERIFIED (sweep: all figures in cited doc),no,,as published (single sensible measurement)
216,IceAir,8CHPW16,https://www.ice-air.com/wp-content/uploads/ice-air-wshp-chpw-submittal.pdf,"54"" W x 25.25"" H x 11"" D",as published (single sensible measurement),VERIFIED (sweep: all figures in cited doc),no,,as published (single sensible measurement)
217,IceAir,8CHPW19,https://www.ice-air.com/wp-content/uploads/ice-air-wshp-chpw-submittal.pdf,"54"" W x 25.25"" H x 11"" D",as published (single sensible measurement),VERIFIED (sweep: all figures in cited doc),no,,as published (single sensible measurement)
218,GE,AZHS15DRXXA,https://www.geappliances.com/ge/zoneline/literature.htm,"42"" W x 16"" H x 20.8125"" D",as published (single sensible measurement),FLAGGED - provenance,YES,dead link replaced (tested 200); 42x16 is the GE wall case per A&E manual; 20.8125 D appears in no GE engineering doc (installed envelope with grille is 20 7/8),as published (single sensible measurement)
219,GE,AZ65H15DAB,https://www.geappliances.com/ge/zoneline/literature.htm,"42"" W x 16"" H x 20.8125"" D",as published (single sensible measurement),FLAGGED - provenance,YES,dead link replaced (tested 200); 42x16 is the GE wall case per A&E manual; 20.8125 D appears in no GE engineering doc (installed envelope with grille is 20 7/8),as published (single sensible measurement)
220,GE,AJCM12DCH,https://www.geappliances.com/appliance/GE-230-208-Volt-Built-In-Cool-Only-Room-Air-Conditioner-AJCM12DCH,"26"" W x 15 5/8"" H x 21 13/16"" D",as published (single sensible measurement),FLAGGED - provenance,no,AJCM value not re-verified against GE literature,as published (single sensible measurement)
221,GE,AZ65H12DAD,https://content.abt.com/documents/72881/AZ65H12DAD_specs.pdf,"42"" W x 16"" H x 20.8125"" D",as published (single sensible measurement),FLAGGED - provenance,no,42x16 is the GE wall case per A&E manual; 20.8125 D appears in no GE engineering doc (installed envelope with grille is 20 7/8),as published (single sensible measurement)
222,GE,AZ65H15DBM,https://www.geappliances.com/ge/zoneline/literature.htm,"42"" W x 16"" H x 20.8125"" D",as published (single sensible measurement),FLAGGED - provenance,YES,dead link replaced (tested 200); 42x16 is the GE wall case per A&E manual; 20.8125 D appears in no GE engineering doc (installed envelope with grille is 20 7/8),as published (single sensible measurement)
223,GE,AZ65H09DBM,https://www.geappliances.com/ge/zoneline/literature.htm,"42"" W x 16"" H x 20.8125"" D",as published (single sensible measurement),FLAGGED - provenance,YES,dead link replaced (tested 200); 42x16 is the GE wall case per A&E manual; 20.8125 D appears in no GE engineering doc (installed envelope with grille is 20 7/8),as published (single sensible measurement)
224,GE,AZ65H12DBM,https://www.geappliances.com/ge/zoneline/literature.htm,"42"" W x 16"" H x 20.8125"" D",as published (single sensible measurement),FLAGGED - provenance,YES,dead link replaced (tested 200); 42x16 is the GE wall case per A&E manual; 20.8125 D appears in no GE engineering doc (installed envelope with grille is 20 7/8),as published (single sensible measurement)
225,GE,AZHS15DCXWA,https://www.geappliances.com/ge/zoneline/literature.htm,"42"" W x 16"" H x 20.8125"" D",as published (single sensible measurement),FLAGGED - provenance,YES,dead link replaced (tested 200); 42x16 is the GE wall case per A&E manual; 20.8125 D appears in no GE engineering doc (installed envelope with grille is 20 7/8),as published (single sensible measurement)
226,GE,AZHS07DCXXA,https://www.geappliances.com/ge/zoneline/literature.htm,"42"" W x 16"" H x 20.8125"" D",as published (single sensible measurement),FLAGGED - provenance,YES,dead link replaced (tested 200); 42x16 is the GE wall case per A&E manual; 20.8125 D appears in no GE engineering doc (installed envelope with grille is 20 7/8),as published (single sensible measurement)
227,GE,AZES09DCXXA,https://www.geappliances.com/ge/zoneline/literature.htm,"42"" W x 16"" H x 20.8125"" D",as published (single sensible measurement),FLAGGED - provenance,YES,dead link replaced (tested 200); 42x16 is the GE wall case per A&E manual; 20.8125 D appears in no GE engineering doc (installed envelope with grille is 20 7/8),as published (single sensible measurement)
228,GE,AZHS09DCXXA,https://www.geappliances.com/ge/zoneline/literature.htm,"42"" W x 16"" H x 20.8125"" D",as published (single sensible measurement),FLAGGED - provenance,YES,dead link replaced (tested 200); 42x16 is the GE wall case per A&E manual; 20.8125 D appears in no GE engineering doc (installed envelope with grille is 20 7/8),as published (single sensible measurement)
229,GE,AZ65H09DAB,https://www.geappliances.com/appliance/GE-Zoneline-Heat-Pump-Unit-230-208-Volt-AZ65H12DAB,"42"" W x 16"" H x 20.8125"" D",as published (single sensible measurement),FLAGGED - provenance,no,42x16 is the GE wall case per A&E manual; 20.8125 D appears in no GE engineering doc (installed envelope with grille is 20 7/8),as published (single sensible measurement)
230,GE,AZ65H12DAB,https://www.geappliances.com/appliance/GE-Zoneline-Heat-Pump-Unit-230-208-Volt-AZ65H12DAB,"42"" W x 16"" H x 20.8125"" D",as published (single sensible measurement),FLAGGED - provenance,no,42x16 is the GE wall case per A&E manual; 20.8125 D appears in no GE engineering doc (installed envelope with grille is 20 7/8),as published (single sensible measurement)
231,GE,AZHS12DCXXA,https://www.geappliances.com/appliance/GE-Zoneline-Heat-Pump-Fixed-Speed-Unit-with-Corrosion-Protection-12-000-BTU-230-208-Volt-AZHS12DCXXA,"42"" W x 16"" H x 20.8125"" D",as published (single sensible measurement),FLAGGED - provenance,no,42x16 is the GE wall case per A&E manual; 20.8125 D appears in no GE engineering doc (installed envelope with grille is 20 7/8),as published (single sensible measurement)
232,GE,AZ65H15DAC,https://www.geappliances.com/ge/zoneline/literature.htm,"42"" W x 16"" H x 20.8125"" D",as published (single sensible measurement),FLAGGED - provenance,YES,dead link replaced (tested 200); 42x16 is the GE wall case per A&E manual; 20.8125 D appears in no GE engineering doc (installed envelope with grille is 20 7/8),as published (single sensible measurement)
233,GE,AZVS15DMXWA,https://www.geappliances.com/ge/zoneline/literature.htm,"42"" W x 16"" H x 20.8125"" D",as published (single sensible measurement),FLAGGED - provenance,YES,dead link replaced (tested 200); 42x16 is the GE wall case per A&E manual; 20.8125 D appears in no GE engineering doc (installed envelope with grille is 20 7/8),as published (single sensible measurement)
234,GE,AZHS15DCXXA,https://www.geappliances.com/ge/zoneline/literature.htm,"42"" W x 16"" H x 20.8125"" D",as published (single sensible measurement),FLAGGED - provenance,YES,dead link replaced (tested 200); 42x16 is the GE wall case per A&E manual; 20.8125 D appears in no GE engineering doc (installed envelope with grille is 20 7/8),as published (single sensible measurement)
235,Friedrich,USC,https://www.friedrich.com/hubfs/2024%20Literature%20PDFs/Submittal/SUBM_UNIFIT%20REV%202.16.2024.pdf,"25 7/8"" W x 15 1/2"" H x 16 3/4"" D",as published (single sensible measurement),VERIFIED (sweep),YES,UNIFIT submittal: USC Sleeve 15 1/2 H x 25 7/8 W x 16 3/4 D; landing page replaced with submittal,as published (single sensible measurement)
236,Friedrich,Wallmaster Wall Sleeve - WSE,https://www.friedrich.com/hubfs/2023%20Literature%20PDFs/Submittals/Thru-the-wall_Wallmaster_Submittal_2023.pdf,"27"" W x 16 3/4"" H x 16 3/4"" D",as published (single sensible measurement),VERIFIED (sweep: all figures in cited doc),YES,URL percent-encoded,as published (single sensible measurement)
237,Friedrich,CCW08B10C,https://www.friedrich.com/hubfs/2025%20Literature%20PDFs/2025%20Submittals/Chill%20Premier_Submittal%20_2025.pdf,"18 1/2"" W x 13 1/2"" H x 19 3/4"" D",as published (single sensible measurement),VERIFIED (sweep: all figures in cited doc),no,,as published (single sensible measurement)
238,Friedrich,CCW10B10B,https://www.friedrich.com/hubfs/2025%20Literature%20PDFs/2025%20Submittals/Chill%20Premier_Submittal%20_2025.pdf,"19 3/4"" W x 15 1/8"" H x 24"" D",as published (single sensible measurement),VERIFIED (sweep: all figures in cited doc),no,,as published (single sensible measurement)
239,Friedrich,CCW12B10B,https://www.friedrich.com/hubfs/2025%20Literature%20PDFs/2025%20Submittals/Chill%20Premier_Submittal%20_2025.pdf,"19 3/4"" W x 15 1/8"" H x 24"" D",as published (single sensible measurement),VERIFIED,YES,"dims VERIFIED: depth 24 1/2 -> 24, verified from Chill Premier submittal dimension table",as published (single sensible measurement)
240,Friedrich,CCW15B10B,https://www.friedrich.com/hubfs/2025%20Literature%20PDFs/2025%20Submittals/Chill%20Premier_Submittal%20_2025.pdf,"23 5/8"" W x 17 7/8"" H x 25 3/8"" D",as published (single sensible measurement),VERIFIED (sweep: all figures in cited doc),no,,as published (single sensible measurement)
241,Friedrich,CCV08A10A,https://www.friedrich.com/hubfs/2026%20Literature%20PDFs/2026%20Brochures/BR_CHILL%20INVERTER_REV%2002-14-25.pdf,"20.625"" W x 13.375"" H x 19.25"" D",as published (single sensible measurement),VERIFIED (sweep-corrected),YES,"URL percent-encoded; doc table: 13 3/8 H, 20 5/8 W, 19 1/4 D; recorded 20.62/13.37 were truncations (row 242 already exact)",as published (single sensible measurement)
242,Friedrich,CCV10A10A,https://www.friedrich.com/hubfs/2026%20Literature%20PDFs/2026%20Brochures/BR_CHILL%20INVERTER_REV%2002-14-25.pdf,"20.625"" W x 13.375"" H x 19.25"" D",as published (single sensible measurement),VERIFIED (sweep: all figures in cited doc),YES,URL percent-encoded,as published (single sensible measurement)
243,Friedrich,UCT08B10A,https://www.friedrich.com/hubfs/2024%20Literature%20PDFs/Submittal/SUBM_UNIFIT_REV%202.16.2024.pdf,"24 1/4"" W x 14 1/2"" H x 20 5/16"" D",as published (single sensible measurement),VERIFIED (sweep: all figures in cited doc),YES,URL percent-encoded,as published (single sensible measurement)
244,Friedrich,UCT10B10A,https://www.friedrich.com/hubfs/2024%20Literature%20PDFs/Submittal/SUBM_UNIFIT_REV%202.16.2024.pdf,"24 1/4"" W x 14 1/2"" H x 20 5/16"" D",as published (single sensible measurement),VERIFIED (sweep: all figures in cited doc),YES,URL percent-encoded,as published (single sensible measurement)
245,Friedrich,UCT12B10A,https://www.friedrich.com/hubfs/2024%20Literature%20PDFs/Submittal/SUBM_UNIFIT_REV%202.16.2024.pdf,"24 1/4"" W x 14 1/2"" H x 20 5/16"" D",as published (single sensible measurement),VERIFIED (sweep: all figures in cited doc),YES,URL percent-encoded,as published (single sensible measurement)
246,Friedrich,UCT10B30A,https://www.friedrich.com/hubfs/2024%20Literature%20PDFs/Submittal/SUBM_UNIFIT_REV%202.16.2024.pdf,"24 1/4"" W x 14 1/2"" H x 20 5/16"" D",as published (single sensible measurement),VERIFIED (sweep: all figures in cited doc),YES,URL percent-encoded,as published (single sensible measurement)
247,Friedrich,UCT12B30A,https://www.friedrich.com/hubfs/2024%20Literature%20PDFs/Submittal/SUBM_UNIFIT_REV%202.16.2024.pdf,"24 1/4"" W x 14 1/2"" H x 20 5/16"" D",as published (single sensible measurement),VERIFIED (sweep: all figures in cited doc),YES,URL percent-encoded,as published (single sensible measurement)
248,Friedrich,UCT14B30A,https://www.friedrich.com/hubfs/2024%20Literature%20PDFs/Submittal/SUBM_UNIFIT_REV%202.16.2024.pdf,"24 1/4"" W x 14 1/2"" H x 20 5/16"" D",as published (single sensible measurement),VERIFIED (sweep: all figures in cited doc),YES,URL percent-encoded,as published (single sensible measurement)
249,Friedrich,KCVL28B30A,https://www.friedrich.com/hubfs/2025%20Literature%20PDFs/2025%20Submittals/K%C3%9CHL%20SUBMITTAL_2025.pdf,"28"" W x 20 3/16"" H x 35 1/2"" D",sleeve = fit opening,VERIFIED (sweep: Kühl sleeve table read visually),YES,URL percent-encoded,sleeve = fit opening
250,Friedrich,KCVL36B30A,https://www.friedrich.com/hubfs/2025%20Literature%20PDFs/2025%20Submittals/K%C3%9CHL%20SUBMITTAL_2025.pdf,"28"" W x 20 3/16"" H x 35 1/2"" D",sleeve = fit opening,VERIFIED (sweep: Kühl sleeve table read visually),YES,URL percent-encoded,sleeve = fit opening
251,Friedrich,KCVM14B10A,https://www.friedrich.com/hubfs/2025%20Literature%20PDFs/2025%20Submittals/K%C3%9CHL%20SUBMITTAL_2025.pdf,"25 15/16"" W x 17 15/16"" H x 29"" D",sleeve = fit opening,VERIFIED (sweep: Kühl sleeve table read visually),YES,URL percent-encoded,sleeve = fit opening
252,Friedrich,KCVM18B30A,https://www.friedrich.com/hubfs/2025%20Literature%20PDFs/2025%20Submittals/K%C3%9CHL%20SUBMITTAL_2025.pdf,"25 15/16"" W x 17 15/16"" H x 29"" D",sleeve = fit opening,VERIFIED (sweep: Kühl sleeve table read visually),YES,URL percent-encoded,sleeve = fit opening
253,Friedrich,KCVM24B30A,https://www.friedrich.com/hubfs/2025%20Literature%20PDFs/2025%20Submittals/K%C3%9CHL%20SUBMITTAL_2025.pdf,"25 15/16"" W x 17 15/16"" H x 29"" D",sleeve = fit opening,VERIFIED (sweep: Kühl sleeve table read visually),YES,URL percent-encoded,sleeve = fit opening
254,Friedrich,KCVQ08B10A,https://www.friedrich.com/hubfs/2025%20Literature%20PDFs/2025%20Submittals/K%C3%9CHL%20SUBMITTAL_2025.pdf,"19 3/4"" W x 14 1/4"" H x 21 3/8"" D",sleeve = fit opening,VERIFIED (sweep: Kühl sleeve table read visually),YES,URL percent-encoded,sleeve = fit opening
255,Friedrich,KCVS08B10A,https://www.friedrich.com/hubfs/2025%20Literature%20PDFs/2025%20Submittals/K%C3%9CHL%20SUBMITTAL_2025.pdf,"25 15/16"" W x 15 15/16"" H x 29"" D",sleeve = fit opening,VERIFIED (sweep: Kühl sleeve table read visually),YES,URL percent-encoded,sleeve = fit opening
256,Friedrich,KCVS12B10A,https://www.friedrich.com/hubfs/2025%20Literature%20PDFs/2025%20Submittals/K%C3%9CHL%20SUBMITTAL_2025.pdf,"25 15/16"" W x 15 15/16"" H x 29"" D",sleeve = fit opening,VERIFIED (sweep: Kühl sleeve table read visually),YES,URL percent-encoded,sleeve = fit opening
257,Friedrich,KCVS12B30A,https://www.friedrich.com/hubfs/2025%20Literature%20PDFs/2025%20Submittals/K%C3%9CHL%20SUBMITTAL_2025.pdf,"25 15/16"" W x 15 15/16"" H x 29"" D",sleeve = fit opening,VERIFIED (sweep: Kühl sleeve table read visually),YES,URL percent-encoded,sleeve = fit opening
258,Friedrich,KCVS16B30A,https://www.friedrich.com/hubfs/2025%20Literature%20PDFs/2025%20Submittals/K%C3%9CHL%20SUBMITTAL_2025.pdf,"25 15/16"" W x 15 15/16"" H x 29"" D",sleeve = fit opening,VERIFIED (sweep: Kühl sleeve table read visually),YES,URL percent-encoded,sleeve = fit opening
259,Friedrich,UET14B33A,https://www.friedrich.com/hubfs/2024%20Literature%20PDFs/Submittal/SUBM_UNIFIT_REV%202.16.2024.pdf,"24 1/4"" W x 14 1/2"" H x 20 5/16"" D",as published (single sensible measurement),VERIFIED (sweep: all figures in cited doc),YES,URL percent-encoded,as published (single sensible measurement)
260,Friedrich,WCVT10B10A,https://www.friedrich.com/hubfs/2023%20Literature%20PDFs/Submittals/Thru-the-wall_Wallmaster_Submittal_2023.pdf,"27"" W x 16 3/4"" H x 16 3/4"" D",sleeve = fit opening,VERIFIED (sweep: all figures in cited doc),YES,URL percent-encoded,sleeve = fit opening
261,Friedrich,WCVT12B10A,https://www.friedrich.com/hubfs/2023%20Literature%20PDFs/Submittals/Thru-the-wall_Wallmaster_Submittal_2023.pdf,"27"" W x 16 3/4"" H x 16 3/4"" D",sleeve = fit opening,VERIFIED (sweep: all figures in cited doc),YES,URL percent-encoded,sleeve = fit opening
262,Friedrich,WHVT14B33A,https://www.friedrich.com/hubfs/2023%20Literature%20PDFs/Submittals/Thru-the-wall_Wallmaster_Submittal_2023.pdf,"27"" W x 16 3/4"" H x 16 3/4"" D",sleeve = fit opening,VERIFIED (sweep: all figures in cited doc),YES,URL percent-encoded,sleeve = fit opening
